No,ID,Editor,Date of incident,Time,Highway,Section,KM,Car,Died,Injured,Status,Source,Link
2176.,968801,Kanjana,Mon. 28 Dec. 63,19:45,0340,0301,0072+790,2,1,0,finish,Highway,https://haims2.doh.go.th/view/968801
2178.,968742,Kanjana,Sat. 26 Dec. 63,02:30,0340,0301,0053+900,1,0,0,finish,Highway,https://haims2.doh.go.th/view/968742
2179.,968735,Kanjana,Thu 25 Dec 63,20:20,0340,0301,0068+760,2,0,0,finish,Highway,https://haims2.doh.go.th/view/968735
2180.,968721,Kanjana,Sun. 27 Dec. 63,15:45,0340,0301,0049+470,1,1,0,finish,Highway,https://haims2.doh.go.th/view/968721
2181.,968712,Kanjana,Sun. 27 Dec. 63,11:26,0340,0301,0071+810,2,1,1,finish,Highway,https://haims2.doh.go.th/view/968712
2184.,968537,Kanjana,Wed. 23 Dec. 63,17:30,0340,0301,0059+380,2,0,0,finish,Highway,https://haims2.doh.go.th/view/968537
2185.,968527,Kanjana,Wed. 23 Dec. 63,14:30,0340,0301,0060+200,1,0,0,finish,Highway,https://haims2.doh.go.th/view/968527
2194.,968251,Kanjana,Sun. 20 Dec. 63,17:30,0340,0301,0064+460,4,0,0,finish,Highway,https://haims2.doh.go.th/view/968251
2201.,968126,Kanjana,Mon. 15 Dec. 63,17:50,0340,0301,0071+980,2,0,0,finish,Highway,https://haims2.doh.go.th/view/968126
2204.,968099,Kanjana,Thu. 17 Dec. '20,06:00,0340,0301,0070+070,1,0,0,finish,Highway,https://haims2.doh.go.th/view/968099
2207.,968058,Kanjana,Mon. 15 Dec. 63,04:00,0340,0301,0067+200,2,0,0,finish,Highway,https://haims2.doh.go.th/view/968058
2209.,967979,Kanjana,Wed. 16 Dec. 63,08:00,0340,0301,0071+360,2,0,1,finish,Highway,https://haims2.doh.go.th/view/967979
2210.,967972,Kanjana,Wed. 16 Dec. 63,03:30,0340,0301,0075+600,2,0,0,finish,Highway,https://haims2.doh.go.th/view/967972
2221.,967552,Kanjana,Sat. 11 Dec. 63,11:40,0340,0301,0066+440,2,0,0,finish,Highway,https://haims2.doh.go.th/view/967552
2222.,967545,Kanjana,Sat. 11 Dec. 63,09:20,0340,0301,0060+650,2,0,0,finish,Highway,https://haims2.doh.go.th/view/967545
2224.,967437,Kanjana,Wed. 9 Dec. 63,18:30,0340,0301,0066+480,2,0,1,finish,Highway,https://haims2.doh.go.th/view/967437
2226.,967414,441a4,Wed. 9 Dec. 63,02:25,0340,0301,0065+250,2,0,1,finish,Highway,https://haims2.doh.go.th/view/967414
2230.,967344,Kanjana,Mon. 7 Dec. 63,02:30,0340,0301,0071+180,1,0,0,finish,Highway,https://haims2.doh.go.th/view/967344
2232.,967337,Kanjana,Sun. 6 Dec. 63,12:45,0340,0301,0072+770,2,0,1,finish,Highway,https://haims2.doh.go.th/view/967337
2234.,967329,Kanjana,Sat. 4 Dec. 63,08:00,0340,0301,0054+550,1,0,0,finish,Highway,https://haims2.doh.go.th/view/967329
2241.,967157,Kanjana,Thu. 3 Dec. '20,09:45,0340,0301,0069+220,2,0,1,finish,Highway,https://haims2.doh.go.th/view/967157
2243.,967134,Kanjana,Sat. 1 Dec. 63,15:18,0340,0301,0071+990,2,0,0,finish,Highway,https://haims2.doh.go.th/view/967134
2244.,967130,Kanjana,Sat. 1 Dec. 63,00:57,0340,0301,0070+170,1,0,1,finish,Highway,https://haims2.doh.go.th/view/967130
2251.,966870,Kanjana,Sun. 29 Nov. '20,23:40,0340,0301,0069+170,2,0,1,finish,Highway,https://haims2.doh.go.th/view/966870
2260.,966615,Kanjana,Tue. 24 Nov. '20,11:10,0340,0301,0061+960,2,0,0,finish,Highway,https://haims2.doh.go.th/view/966615
2261.,966608,Kanjana,Tue. 24 Nov. '20,13:10,0340,0301,0068+660,2,0,4,finish,Highway,https://haims2.doh.go.th/view/966608
2267.,966390,441a4,Sun. 22 Nov. '20,18:30,0340,0301,0054+900,1,0,1,finish,Highway,https://haims2.doh.go.th/view/966390
2270.,966311,Kanjana,Sat. 21 Nov. 63,14:40,0340,0301,0061+000,2,0,1,finish,Highway,https://haims2.doh.go.th/view/966311
2272.,966240,Kanjana,Sat. 21 Nov. 63,13:40,0340,0301,0059+649,2,0,0,finish,Highway,https://haims2.doh.go.th/view/966240
2279.,965989,Kanjana,Sun. 15 Nov. '20,04:30,0340,0301,0053+720,1,0,0,finish,Highway,https://haims2.doh.go.th/view/965989
2291.,965522,Kanjana,Tue. 10 Nov. '20,00:27,0340,0301,0057+800,1,0,1,finish,Highway,https://haims2.doh.go.th/view/965522
2295.,965437,Kanjana,Mon. 2 Nov. '20,20:45,0340,0301,0059+150,2,0,0,finish,Highway,https://haims2.doh.go.th/view/965437
2296.,965435,Kanjana,Tue. 3 Nov. 63,03:00,0340,0301,0057+800,1,0,0,finish,Highway,https://haims2.doh.go.th/view/965435
2301.,965343,Kanjana,Mon. 2 Nov. '20,17:35,0340,0301,0074+650,2,0,0,finish,Highway,https://haims2.doh.go.th/view/965343
2304.,965032,Kanjana,Sun. 1 Nov. '20,00:25,0340,0301,0063+000,2,0,1,finish,Highway,https://haims2.doh.go.th/view/965032
2305.,965020,441a4,Sat. 31 Oct. '20,15:50,0340,0301,0065+450,2,0,1,finish,Highway,https://haims2.doh.go.th/view/965020
2314.,964864,Kanjana,Tue. 27 Oct. '20,01:10,0340,0301,0067+160,1,0,1,finish,Highway,https://haims2.doh.go.th/view/964864
2319.,964775,Kanjana,Sun. 25 Oct. '20,12:30,0340,0301,0052+923,7,0,0,finish,Highway,https://haims2.doh.go.th/view/964775
2320.,964751,441a4,Sat. 23 Oct. 63,10:15,0340,0301,0065+720,2,0,2,finish,Highway,https://haims2.doh.go.th/view/964751
2333.,964513,Kanjana,Mon. 19 Oct. '20,19:15,0340,0301,0072+050,2,0,2,finish,Highway,https://haims2.doh.go.th/view/964513
2334.,964512,Kanjana,Mon. 19 Oct. '20,11:30,0340,0301,0057+940,1,0,0,finish,Highway,https://haims2.doh.go.th/view/964512
2335.,964511,Kanjana,Sun. 18 Oct. '20,17:50,0340,0301,0049+450,2,0,2,finish,Highway,https://haims2.doh.go.th/view/964511
2336.,964475,Kanjana,Sat. 17 Oct. 63,22:00,0340,0301,0071+070,1,0,1,finish,Highway,https://haims2.doh.go.th/view/964475
2338.,964393,I am a lover.,Sat. 17 Oct. 63,13:30,0340,0301,0067+450,2,0,1,finish,Highway,https://haims2.doh.go.th/view/964393
2345.,964229,Kanjana,Sat. 9 Oct. 63,18:30,0340,0301,0057+300,2,0,0,finish,Highway,https://haims2.doh.go.th/view/964229
2346.,964083,Kanjana,Wed. 7 Oct. 63,09:45,0340,0301,0077+460,1,0,0,finish,Highway,https://haims2.doh.go.th/view/964083
2351.,963944,Kanjana,Tue. 6 Oct. 63,04:30,0340,0301,0054+220,1,0,0,finish,Highway,https://haims2.doh.go.th/view/963944
2353.,963936,Kanjana,Sun. 4 Oct. '20,03:00,0340,0301,0058+750,1,0,0,finish,Highway,https://haims2.doh.go.th/view/963936
2355.,963918,441a4,Thu. 8 Oct. '20,08:10,0340,0301,0050+050,2,0,0,finish,Highway,https://haims2.doh.go.th/view/963918
2356.,963900,Kanjana,Thu. 8 Oct. '20,13:30,0340,0301,0059+890,1,0,1,finish,Highway,https://haims2.doh.go.th/view/963900
2360.,963810,Kanjana,Sun. 4 Oct. '20,10:00,0340,0301,0071+400,2,0,0,finish,Highway,https://haims2.doh.go.th/view/963810
2362.,963791,441a,Sat. 9 Oct. 63,06:55,0340,0301,0068+110,2,0,1,finish,Highway,https://haims2.doh.go.th/view/963791
2367.,963670,441a4,Sun. 4 Oct. '20,07:55,0340,0301,0060+300,2,0,0,finish,Highway,https://haims2.doh.go.th/view/963670
2368.,963666,Kanjana,Sat. 2 Oct. 63,07:10,0340,0301,0073+020,2,0,1,finish,Highway,https://haims2.doh.go.th/view/963666
2369.,963664,I am a lover.,Sat. 2 Oct. 63,23:15,0340,0301,0070+120,2,0,0,finish,Highway,https://haims2.doh.go.th/view/963664
2371.,963644,Kanjana,Sat. 2 Oct. 63,05:45,0340,0301,0067+920,1,0,0,finish,Highway,https://haims2.doh.go.th/view/963644
2372.,963636,441a4,Thu. 1 Oct. '20,22:00,0340,0301,0054+400,3,0,1,finish,Highway,https://haims2.doh.go.th/view/963636
2385.,963442,441a4,Tue. 29 Sept. '20,16:00,0340,0301,0066+670,2,0,0,finish,Highway,https://haims2.doh.go.th/view/963442
2386.,963440,Kanjana,Tue. 29 Sept. '20,17:25,0340,0301,0061+200,2,0,1,finish,Highway,https://haims2.doh.go.th/view/963440
2398.,963175,441a4,Sun. 27 Sept. '20,22:35,0340,0301,0060+200,1,0,1,finish,Highway,https://haims2.doh.go.th/view/963175
2399.,963164,Kanjana,Thurs. 24 Sept. '20,01:00,0340,0301,0066+290,1,0,1,finish,Highway,https://haims2.doh.go.th/view/963164
2410.,962900,Kanjana,Thurs. 17 Sept. '20,22:30,0340,0301,0065+940,1,0,1,finish,Highway,https://haims2.doh.go.th/view/962900
2411.,962894,441a4,Wed. 16 Sept. '20,16:00,0340,0301,0054+320,2,0,2,finish,Highway,https://haims2.doh.go.th/view/962894
2436.,962223,konsucha,พฤ. 10 ก.ย. 63,08:00,0340,0301,0060+650,1,0,1,เสร็จ,Highway,https://haims2.doh.go.th/view/962223
2437.,962222,kanjana,พ. 9 ก.ย. 63,23:45,0340,0301,0075+450,2,0,0,เสร็จ,Highway,https://haims2.doh.go.th/view/962222
2439.,962104,441a4,จ. 7 ก.ย. 63,20:00,0340,0301,0059+674,2,0,4,เสร็จ,Highway,https://haims2.doh.go.th/view/962104
2452.,961799,kanjana,ศ. 4 ก.ย. 63,12:00,0340,0301,0049+100,2,0,1,เสร็จ,Highway,https://haims2.doh.go.th/view/961799
2457.,961650,kanjana,อา. 30 ส.ค. 63,06:45,0340,0301,0071+070,1,0,0,เสร็จ,Highway,https://haims2.doh.go.th/view/961650
2458.,961643,441a4,อา. 30 ส.ค. 63,12:10,0340,0301,0060+750,2,0,2,เสร็จ,Highway,https://haims2.doh.go.th/view/961643
2471.,961505,konsucha,ศ. 28 ส.ค. 63,11:30,0340,0301,0074+070,2,0,2,เสร็จ,Highway,https://haims2.doh.go.th/view/961505
2483.,961243,kanjana,จ. 24 ส.ค. 63,13:20,0340,0301,0065+000,1,0,2,เสร็จ,Highway,https://haims2.doh.go.th/view/961243
2496.,960644,kanjana,พ. 12 ส.ค. 63,16:10,0340,0301,0062+450,1,0,0,เสร็จ,Highway,https://haims2.doh.go.th/view/960644
2497.,960624,kanjana,พ. 12 ส.ค. 63,13:30,0340,0301,0061+550,1,0,2,เสร็จ,Highway,https://haims2.doh.go.th/view/960624
2499.,960587,kanjana,พ. 12 ส.ค. 63,10:20,0340,0301,0066+990,2,0,2,เสร็จ,Highway,https://haims2.doh.go.th/view/960587
2506.,960329,441a4,พฤ. 6 ส.ค. 63,23:25,0340,0301,0070+000,1,0,0,เสร็จ,Highway,https://haims2.doh.go.th/view/960329
2526.,959747,kanjana,อ. 28 ก.ค. 63,01:40,0340,0301,0073+000,2,0,0,เสร็จ,Highway,https://haims2.doh.go.th/view/959747
2547.,959177,441a4,ส. 18 ก.ค. 63,09:30,0340,0301,0057+500,2,0,0,เสร็จ,Highway,https://haims2.doh.go.th/view/959177
2555.,958955,kanjana,อ. 14 ก.ค. 63,23:00,0340,0301,0070+100,1,0,0,เสร็จ,Highway,https://haims2.doh.go.th/view/958955
2571.,958520,kanjana,พ. 8 ก.ค. 63,16:30,0340,0301,0057+950,1,0,2,เสร็จ,Highway,https://haims2.doh.go.th/view/958520
2573.,958455,kanjana,พ. 8 ก.ค. 63,00:15,0340,0301,0073+050,1,0,1,เสร็จ,Highway,https://haims2.doh.go.th/view/958455
2588.,958268,kanjana,อา. 5 ก.ค. 63,12:30,0340,0301,0049+673,2,0,1,เสร็จ,Highway,https://haims2.doh.go.th/view/958268
2599.,957933,kanjana,อา. 28 มิ.ย. 63,23:00,0340,0301,0063+670,1,0,0,เสร็จ,Highway,https://haims2.doh.go.th/view/957933
2603.,957912,kanjana,อา. 28 มิ.ย. 63,18:00,0340,0301,0073+000,2,0,0,เสร็จ,Highway,https://haims2.doh.go.th/view/957912
2607.,957902,kanjana,อา. 28 มิ.ย. 63,11:45,0340,0301,0058+700,2,0,0,เสร็จ,Highway,https://haims2.doh.go.th/view/957902
2609.,957870,kanjana,ส. 27 มิ.ย. 63,06:30,0340,0301,0062+650,1,0,0,เสร็จ,Highway,https://haims2.doh.go.th/view/957870
2610.,957864,kanjana,ศ. 26 มิ.ย. 63,13:30,0340,0301,0063+500,2,0,1,เสร็จ,Highway,https://haims2.doh.go.th/view/957864
2615.,957832,441a4,จ. 15 มิ.ย. 63,13:00,0340,0301,0070+770,2,0,1,เสร็จ,Highway,https://haims2.doh.go.th/view/957832
2618.,957579,kanjana,อา. 21 มิ.ย. 63,21:00,0340,0301,0069+630,2,0,0,เสร็จ,Highway,https://haims2.doh.go.th/view/957579
2621.,957565,kanjana,ส. 20 มิ.ย. 63,17:00,0340,0301,0059+970,2,0,1,เสร็จ,Highway,https://haims2.doh.go.th/view/957565
2622.,957564,441a4,ส. 20 มิ.ย. 63,16:30,0340,0301,0053+050,1,0,1,เสร็จ,Highway,https://haims2.doh.go.th/view/957564
2623.,957554,kanjana,จ. 15 มิ.ย. 63,14:10,0340,0301,0065+400,3,0,2,เสร็จ,Highway,https://haims2.doh.go.th/view/957554
2624.,957540,441a4,จ. 15 มิ.ย. 63,10:30,0340,0301,0061+200,2,0,0,เสร็จ,Highway,https://haims2.doh.go.th/view/957540
2633.,957323,kanjana,ศ. 12 มิ.ย. 63,12:45,0340,0301,0061+200,2,0,1,เสร็จ,Highway,https://haims2.doh.go.th/view/957323
2641.,957025,konsucha,พ. 10 มิ.ย. 63,11:40,0340,0301,0065+570,2,0,0,เสร็จ,Highway,https://haims2.doh.go.th/view/957025
2642.,957020,441a4,พฤ. 11 มิ.ย. 63,10:30,0340,0301,0063+400,2,0,1,เสร็จ,Highway,https://haims2.doh.go.th/view/957020
2643.,956999,konsucha,อ. 9 มิ.ย. 63,12:21,0340,0301,0049+000,1,1,0,เสร็จ,Highway,https://haims2.doh.go.th/view/956999
2647.,956916,441a,จ. 8 มิ.ย. 63,19:30,0340,0301,0070+770,2,0,1,เสร็จ,Highway,https://haims2.doh.go.th/view/956916
2648.,956906,441a,จ. 8 มิ.ย. 63,22:20,0340,0301,0053+350,1,0,1,เสร็จ,Highway,https://haims2.doh.go.th/view/956906
2649.,956899,kanjana,ส. 6 มิ.ย. 63,02:00,0340,0301,0076+700,1,0,1,เสร็จ,Highway,https://haims2.doh.go.th/view/956899
2650.,956883,kanjana,ศ. 5 มิ.ย. 63,23:45,0340,0301,0063+800,1,0,0,เสร็จ,Highway,https://haims2.doh.go.th/view/956883
3542.,928168,441a4,Sat. 15 Dec. 2018,14:30,0340,0301,0053+330,1,0,1,finish,Highway,https://haims2.doh.go.th/view/928168
3543.,928163,Kanjana,Sat. 15 Dec. 2018,22:30,0340,0301,0074+940,1,0,2,finish,Highway,https://haims2.doh.go.th/view/928163
3547.,928002,Kanjana,Thurs. 30 Nov. 2018,18:00,0340,0301,0067+340,1,0,1,finish,Highway,https://haims2.doh.go.th/view/928002
3550.,927556,Kanjana,Tue. 4 Dec. 2018,01:00,0340,0301,0063+440,1,0,2,finish,Highway,https://haims2.doh.go.th/view/927556
3559.,927108,Kanjana,Wed. 21 Nov. 2018,07:30,0340,0301,0059+900,2,0,0,finish,Highway,https://haims2.doh.go.th/view/927108
3561.,927103,441a4,Mon. 19 Nov. 2018,15:15,0340,0301,0071+700,2,0,0,finish,Highway,https://haims2.doh.go.th/view/927103
3562.,927100,Kanjana,Sat. 10 Nov. 2018,03:00,0340,0301,0066+430,1,0,0,finish,Highway,https://haims2.doh.go.th/view/927100
3564.,927050,Kanjana,Sun. 18 Nov. 2018,00:30,0340,0301,0071+600,1,0,1,finish,Highway,https://haims2.doh.go.th/view/927050
3565.,927043,Kanjana,Sat. 17 Nov. 2018,18:30,0340,0301,0050+760,1,0,2,finish,Highway,https://haims2.doh.go.th/view/927043
3568.,927034,Kanjana,Sun. 4 Nov. 2018,17:00,0340,0301,0067+100,2,0,0,finish,Highway,https://haims2.doh.go.th/view/927034
3569.,927030,441a4,Sat. 3 Nov. 2018,10:00,0340,0301,0049+050,2,0,0,finish,Highway,https://haims2.doh.go.th/view/927030
3572.,926659,Kanjana,Mon. 5 Nov. 2018,15:30,0340,0301,0063+980,1,0,1,finish,Highway,https://haims2.doh.go.th/view/926659
3586.,925943,441a4,Sat. 27 Oct. 2018,13:30,0340,0301,0069+000,2,0,1,finish,Highway,https://haims2.doh.go.th/view/925943
3587.,925905,I am a lover.,Wed. 24 Oct. 2018,09:50,0340,0301,0057+800,1,0,1,finish,Highway,https://haims2.doh.go.th/view/925905
3589.,925891,I am a lover.,Mon. 22 Oct. 2018,20:40,0340,0301,0065+750,1,0,0,finish,Highway,https://haims2.doh.go.th/view/925891
3591.,925775,Kanjana,Thurs. 11 Oct. 2018,20:30,0340,0301,0076+150,1,0,0,finish,Highway,https://haims2.doh.go.th/view/925775
3593.,925662,I am a lover.,Sat. 12 Oct. 2018,21:10,0340,0301,0071+100,1,0,1,finish,Highway,https://haims2.doh.go.th/view/925662
3596.,925478,I am a lover.,Sun. 30 Sept. 2018,18:50,0340,0301,0077+740,2,0,5,finish,Highway,https://haims2.doh.go.th/view/925478
3597.,925462,Kanjana,Thurs. 11 Oct. 2018,23:45,0340,0301,0068+720,1,0,0,finish,Highway,https://haims2.doh.go.th/view/925462
3603.,924945,I am a lover.,Thurs. 20 Sept. 2018,01:50,0340,0301,0071+070,1,0,0,finish,Highway,https://haims2.doh.go.th/view/924945
3619.,924387,441a4,Mon. 17 Sept. 2018,10:15,0340,0301,0064+200,2,0,0,finish,Highway,https://haims2.doh.go.th/view/924387
3620.,924384,441a4,Mon. 17 Sept. 2018,07:10,0340,0301,0069+690,1,0,0,finish,Highway,https://haims2.doh.go.th/view/924384
3621.,924382,Kanjana,Sat. 15 Sept. 2018,21:30,0340,0301,0053+080,1,0,0,finish,Highway,https://haims2.doh.go.th/view/924382
3624.,924346,Kanjana,Sun. 9 Sept. 2018,03:00,0340,0301,0067+680,1,0,0,finish,Highway,https://haims2.doh.go.th/view/924346
3625.,924338,441a4,Thu. 7 Sept. 2018,09:30,0340,0301,0056+340,1,0,0,finish,Highway,https://haims2.doh.go.th/view/924338
3630.,923845,Kanjana,Sun. 12 Aug. 2018,12:00,0340,0301,0051+980,1,0,5,finish,Highway,https://haims2.doh.go.th/view/923845
3641.,922644,Kanjana,Mon. 30 Jul. 2018,10:15,0340,0301,0055+200,1,0,1,finish,Highway,https://haims2.doh.go.th/view/922644
3652.,921776,I am a lover.,Thurs. 12 Jul. 2018,01:30,0340,0301,0073+700,2,0,3,finish,Highway,https://haims2.doh.go.th/view/921776
3656.,921509,I am a lover.,Mon. 9 Jul. 2018,09:00,0340,0301,0068+410,1,0,0,finish,Highway,https://haims2.doh.go.th/view/921509
3657.,921478,I am a lover.,Sun. 8 Jul. 2018,23:50,0340,0301,0071+080,1,0,0,finish,Highway,https://haims2.doh.go.th/view/921478
3672.,920965,I am a lover.,Thurs. 21 Jun. 2018,02:30,0340,0301,0074+890,1,0,0,finish,Highway,https://haims2.doh.go.th/view/920965
3673.,920928,I am a lover.,Tue. 19 Jun. 2018,10:00,0340,0301,0071+170,1,0,0,finish,Highway,https://haims2.doh.go.th/view/920928
3682.,920573,I am a lover.,Thurs. 14 Jun. 2018,09:00,0340,0301,0069+890,2,1,0,finish,Highway,https://haims2.doh.go.th/view/920573
3684.,920492,441a4,Wed. 13 Jun. 2018,05:00,0340,0301,0071+560,2,0,4,finish,Highway,https://haims2.doh.go.th/view/920492
3691.,920245,I am a lover.,Fri. 8 Jun. 2018,05:00,0340,0301,0052+400,2,0,0,finish,Highway,https://haims2.doh.go.th/view/920245
3692.,920207,I am a lover.,Sat. 2 June 2018,18:20,0340,0301,0067+580,2,0,1,finish,Highway,https://haims2.doh.go.th/view/920207
3695.,919944,I am a lover.,Tue. 22 May 2018,00:00,0340,0301,0069+040,1,0,0,finish,Highway,https://haims2.doh.go.th/view/919944
3698.,919857,441a4,Wed. 30 May 2018,11:00,0340,0301,0051+080,1,0,0,finish,Highway,https://haims2.doh.go.th/view/919857
3699.,919781,I am a lover.,Mon. 28 May 2018,10:00,0340,0301,0071+070,1,0,2,finish,Highway,https://haims2.doh.go.th/view/919781
3702.,919677,441a4,Sat. 26 May 2018,15:00,0340,0301,0057+000,2,0,1,finish,Highway,https://haims2.doh.go.th/view/919677
3705.,919526,I am a lover.,Tue. 22 May 2018,14:25,0340,0301,0059+940,3,0,0,finish,Highway,https://haims2.doh.go.th/view/919526
3706.,919388,441a4,Sat. 19 May 2018,17:30,0340,0301,0051+000,2,0,2,finish,Highway,https://haims2.doh.go.th/view/919388
3707.,919319,441a4,Mon. 26 Feb. 2018,08:40,0340,0301,0064+365,2,0,1,finish,Highway,https://haims2.doh.go.th/view/919319
3708.,919316,I am a lover.,Wed. 2 May 2018,07:00,0340,0301,0064+200,1,0,0,finish,Highway,https://haims2.doh.go.th/view/919316
3715.,919115,rungrudee,Sun. 13 May 2018,17:00,0340,0301,0059+440,2,0,3,finish,Highway,https://haims2.doh.go.th/view/919115
3718.,918837,441a4,Tue. 8 May 2018,09:00,0340,0301,0073+840,2,0,1,finish,Highway,https://haims2.doh.go.th/view/918837
3720.,918669,I am a lover.,Fri. 4 May 2018,02:40,0340,0301,0067+030,1,0,1,finish,Highway,https://haims2.doh.go.th/view/918669
3722.,918665,I am a lover.,Thurs. 3 May 2018,17:00,0340,0301,0057+900,1,0,0,finish,Highway,https://haims2.doh.go.th/view/918665
3727.,918632,I am a lover.,Tue. 1 May 2018,00:50,0340,0301,0070+120,1,0,2,finish,Highway,https://haims2.doh.go.th/view/918632
3730.,918531,441a4,Sat. 28 Apr. 2018,10:00,0340,0301,0064+500,2,0,2,finish,Highway,https://haims2.doh.go.th/view/918531
3734.,918258,441a4,Wed. 25 Apr. 2018,22:20,0340,0301,0058+850,2,1,2,finish,Highway,https://haims2.doh.go.th/view/918258
3739.,918115,I am a lover.,Tue. 24 Apr. 2018,09:40,0340,0301,0051+900,1,0,0,finish,Highway,https://haims2.doh.go.th/view/918115
3753.,917633,Kanjana,Mon. 16 Apr. 2018,10:50,0340,0301,0077+280,2,0,1,finish,Highway,https://haims2.doh.go.th/view/917633
3755.,917465,Kanjana,Sun. 15 Apr. 2018,16:30,0340,0301,0052+900,2,0,0,finish,Highway,https://haims2.doh.go.th/view/917465
3756.,917459,Kanjana,Sun. 15 Apr. 2018,16:20,0340,0301,0050+200,3,0,0,finish,Highway,https://haims2.doh.go.th/view/917459
3759.,917293,441a4,Sat. 14 Apr. 2018,19:20,0340,0301,0065+180,2,0,1,finish,Highway,https://haims2.doh.go.th/view/917293
3760.,917242,Somsuda,Sat. 14 Apr. 2018,15:30,0340,0301,0066+850,2,0,7,finish,Highway,https://haims2.doh.go.th/view/917242
3774.,916609,441a4,Thurs. 12 Apr. 2018,09:50,0340,0301,0055+900,2,0,0,finish,Highway,https://haims2.doh.go.th/view/916609
3777.,916238,Kanjana,Sun. 8 Apr. 2018,23:30,0340,0301,0078+230,2,1,2,finish,Highway,https://haims2.doh.go.th/view/916238
3778.,916104,I am a lover.,Thurs. 5 Apr. 2018,06:30,0340,0301,0053+800,1,0,0,finish,Highway,https://haims2.doh.go.th/view/916104
3779.,916097,441a4,Wed. 4 Apr. 2018,21:00,0340,0301,0072+090,1,1,0,finish,Highway,https://haims2.doh.go.th/view/916097
3781.,915969,Kanjana,Mon. 2 Apr. 2018,15:00,0340,0301,0067+140,2,0,1,finish,Highway,https://haims2.doh.go.th/view/915969
3792.,915061,441a4,Thu. 16 Mar. 2018,05:20,0340,0301,0064+035,1,1,0,finish,Highway,https://haims2.doh.go.th/view/915061
3793.,914862,441a4,Mon. 12 Mar. 2018,15:15,0340,0301,0069+030,2,1,0,finish,Highway,https://haims2.doh.go.th/view/914862
3796.,914623,Kanjana,Sun. 25 Feb. 2018,04:15,0340,0301,0076+230,1,0,0,finish,Highway,https://haims2.doh.go.th/view/914623
3799.,914422,441a4,Sun. 4 Mar. 61,00:30,0340,0301,0074+900,2,1,0,finish,Highway,https://haims2.doh.go.th/view/914422
3812.,913774,441a,Wed. 14 Feb. 2018,08:40,0340,0301,0059+250,2,0,1,finish,Highway,https://haims2.doh.go.th/view/913774
3817.,913530,441a,Thu. 8 Feb. 2018,13:55,0340,0301,0052+800,2,1,0,finish,Highway,https://haims2.doh.go.th/view/913530
3819.,913303,I am a lover.,Thurs. 1 Feb. 2018,15:20,0340,0301,0054+140,1,0,0,finish,Highway,https://haims2.doh.go.th/view/913303
3826.,913006,I am a lover.,Wed. 24 Jan. 2018,15:00,0340,0301,0068+680,2,0,0,finish,Highway,https://haims2.doh.go.th/view/913006
3827.,913002,I am a lover.,Wed. 24 Jan. 2018,11:00,0340,0301,0071+940,2,0,0,finish,Highway,https://haims2.doh.go.th/view/913002
3830.,912869,I am a lover.,Thu. 19 Jan. 2018,12:30,0340,0301,0060+700,2,0,1,finish,Highway,https://haims2.doh.go.th/view/912869
3835.,912793,Kanjana,Wed. 17 Jan. 2018,05:30,0340,0301,0068+720,1,0,0,finish,Highway,https://haims2.doh.go.th/view/912793
3836.,912608,I am a lover.,Thu. 12 Jan. 2018,19:50,0340,0301,0068+720,5,0,3,finish,Highway,https://haims2.doh.go.th/view/912608
3842.,912301,Kanjana,Tue. 9 Jan. 2018,11:05,0340,0301,0058+550,2,0,1,finish,Highway,https://haims2.doh.go.th/view/912301
3843.,912293,Kanjana,Tue. 9 Jan. 2018,10:20,0340,0301,0058+680,2,0,2,finish,Highway,https://haims2.doh.go.th/view/912293
3845.,912134,I am a lover.,Thurs. 4 Jan. 2018,19:40,0340,0301,0071+070,1,0,0,finish,Highway,https://haims2.doh.go.th/view/912134
3846.,912118,Kanjana,Thurs. 4 Jan. 2018,15:30,0340,0301,0065+740,2,0,1,finish,Highway,https://haims2.doh.go.th/view/912118
3848.,912074,I am a lover.,Thurs. 4 Jan. 2018,07:45,0340,0301,0059+940,2,0,0,finish,Highway,https://haims2.doh.go.th/view/912074
3850.,912025,441a4,Wed. 3 Jan. 2018,19:00,0340,0301,0066+060,2,0,0,finish,Highway,https://haims2.doh.go.th/view/912025
3855.,911837,Kanjana,Tue. 2 Jan. 2018,22:10,0340,0301,0053+190,3,0,0,finish,Highway,https://haims2.doh.go.th/view/911837
3861.,911783,Kanjana,Tue. 2 Jan. 2018,16:40,0340,0301,0055+960,2,0,0,finish,Highway,https://haims2.doh.go.th/view/911783
3863.,911768,Kanjana,Tue. 2 Jan. 2018,15:00,0340,0301,0052+900,2,0,0,finish,Highway,https://haims2.doh.go.th/view/911768
1704.,982835,Kanjana,Fri. 20 Aug. 64,10:00,0340,0301,0065+910,1,0,0,finish,Highway,https://haims2.doh.go.th/view/982835
1714.,982455,Kanjana,Thu. 12 Aug. 64,18:31,0340,0301,0049+850,2,0,1,finish,Highway,https://haims2.doh.go.th/view/982455
1718.,982320,I am a lover.,Thu. 5 Aug. 64,11:30,0340,0301,0051+000,1,0,0,finish,Highway,https://haims2.doh.go.th/view/982320
1720.,982250,I am a lover.,Wed. 4 Aug. 64,20:20,0340,0301,0071+660,1,0,1,finish,Highway,https://haims2.doh.go.th/view/982250
1721.,982237,441a4,Wed. 4 Aug. 64,13:20,0340,0301,0065+270,1,0,1,finish,Highway,https://haims2.doh.go.th/view/982237
1724.,982167,Kanjana,Mon. 2 Aug. 64,07:00,0340,0301,0058+400,2,0,0,finish,Highway,https://haims2.doh.go.th/view/982167
1725.,982158,Kanjana,Sat. 31 Jul. 64,19:50,0340,0301,0061+800,1,0,1,finish,Highway,https://haims2.doh.go.th/view/982158
1749.,981339,Kanjana,Sat. 10 Jul. 64,09:00,0340,0301,0053+070,1,0,1,finish,Highway,https://haims2.doh.go.th/view/981339
1750.,981335,Kanjana,Thurs. 8 Jul. 64,19:10,0340,0301,0059+150,1,0,0,finish,Highway,https://haims2.doh.go.th/view/981335
1752.,981179,I am a lover.,Wed. 7 Jul. 64,21:00,0340,0301,0074+710,2,0,1,finish,Highway,https://haims2.doh.go.th/view/981179
1753.,981174,Kanjana,Wed. 7 Jul. 64,19:56,0340,0301,0058+950,1,0,0,finish,Highway,https://haims2.doh.go.th/view/981174
1754.,981171,441a4,Wed. 7 Jul. 64,06:00,0340,0301,0075+340,1,0,1,finish,Highway,https://haims2.doh.go.th/view/981171
1760.,980963,Kanjana,Sun. 4 Jul. 64,14:30,0340,0301,0060+040,2,0,1,finish,Highway,https://haims2.doh.go.th/view/980963
1761.,980959,Kanjana,Sun. 4 Jul. 64,12:30,0340,0301,0065+800,2,0,1,finish,Highway,https://haims2.doh.go.th/view/980959
1763.,980939,441a4,Sat. 3 Jul. 64,11:00,0340,0301,0050+280,1,0,3,finish,Highway,https://haims2.doh.go.th/view/980939
1764.,980924,Kanjana,Thurs. 1 Jul. 64,16:40,0340,0301,0055+380,1,0,0,finish,Highway,https://haims2.doh.go.th/view/980924
1788.,980221,Kanjana,Sat. 12 Jun. 64,19:20,0340,0301,0064+340,2,0,2,finish,Highway,https://haims2.doh.go.th/view/980221
1794.,980069,I am a lover.,Tue. 15 Jun. 64,06:30,0340,0301,0077+650,2,1,0,finish,Highway,https://haims2.doh.go.th/view/980069
1795.,980058,441a4,Mon. 14 Jun. 64,21:30,0340,0301,0053+470,2,1,1,finish,Highway,https://haims2.doh.go.th/view/980058
1802.,979769,441a,Mon. 7 Jun. 64,06:40,0340,0301,0058+750,1,0,1,finish,Highway,https://haims2.doh.go.th/view/979769
1804.,979669,Kanjana,Sat. 5 Jun. 64,08:30,0340,0301,0053+800,2,0,0,finish,Highway,https://haims2.doh.go.th/view/979669
1805.,979656,Kanjana,Thurs. 3 Jun. 64,17:25,0340,0301,0060+080,2,0,0,finish,Highway,https://haims2.doh.go.th/view/979656
1822.,979305,Kanjana,Tue. 25 May 64,17:30,0340,0301,0068+330,1,0,0,finish,Highway,https://haims2.doh.go.th/view/979305
1824.,979294,Kanjana,Mon. 24 May 64,10:20,0340,0301,0065+250,1,0,0,finish,Highway,https://haims2.doh.go.th/view/979294
1826.,979286,Kanjana,Mon. 10 May 64,05:00,0340,0301,0064+020,1,0,1,finish,Highway,https://haims2.doh.go.th/view/979286
1833.,979111,Kanjana,Thu 21 May 64,15:20,0340,0301,0067+470,1,0,0,finish,Highway,https://haims2.doh.go.th/view/979111
1842.,978780,I am a lover.,Mon. 17 May 64,13:30,0340,0301,0058+020,2,1,0,finish,Highway,https://haims2.doh.go.th/view/978780
1843.,978773,Kanjana,Mon. 17 May 64,08:10,0340,0301,0071+590,2,0,1,finish,Highway,https://haims2.doh.go.th/view/978773
1846.,978759,Kanjana,Sun. 16 May 64,23:00,0340,0301,0056+680,1,0,1,finish,Highway,https://haims2.doh.go.th/view/978759
1849.,978737,441a4,Sat. 15 May 64,21:30,0340,0301,0051+670,1,0,1,finish,Highway,https://haims2.doh.go.th/view/978737
1850.,978695,Kanjana,Thurs. 13 May '21,10:30,0340,0301,0072+440,2,0,1,finish,Highway,https://haims2.doh.go.th/view/978695
1854.,978512,Kanjana,Thurs. 6 May 64,21:12,0340,0301,0060+870,1,0,0,finish,Highway,https://haims2.doh.go.th/view/978512
1855.,978506,Kanjana,Tue. 4 May 64,02:30,0340,0301,0051+200,1,0,1,finish,Highway,https://haims2.doh.go.th/view/978506
1865.,978301,Kanjana,Sat. 24 Apr. 64,20:50,0340,0301,0070+570,1,0,1,finish,Highway,https://haims2.doh.go.th/view/978301
1866.,978289,I am a lover.,Sun. 18 Apr. 64,22:20,0340,0301,0074+630,1,0,0,finish,Highway,https://haims2.doh.go.th/view/978289
1878.,977986,I am a lover.,Sat. 24 Apr. 64,15:40,0340,0301,0065+230,2,0,1,finish,Highway,https://haims2.doh.go.th/view/977986
1880.,977891,Kanjana,Sun. 18 Apr. 64,19:45,0340,0301,0065+430,1,0,0,finish,Highway,https://haims2.doh.go.th/view/977891
1882.,977682,Kanjana,Tue. 20 Apr. 64,17:00,0340,0301,0065+850,1,0,0,finish,Highway,https://haims2.doh.go.th/view/977682
1890.,977467,kanjana,อา. 18 เม.ย. 64,22:20,0340,0301,0074+660,1,0,0,เสร็จ,Highway,https://haims2.doh.go.th/view/977467
1894.,977360,441a4,อา. 18 เม.ย. 64,15:11,0340,0301,0055+080,3,0,0,เสร็จ,Highway,https://haims2.doh.go.th/view/977360
1912.,976509,kanjana,จ. 12 เม.ย. 64,17:30,0340,0301,0069+470,2,0,0,เสร็จ,Highway,https://haims2.doh.go.th/view/976509
1933.,975838,kanjana,พฤ. 8 เม.ย. 64,21:17,0340,0301,0072+850,2,0,0,เสร็จ,Highway,https://haims2.doh.go.th/view/975838
1934.,975831,kanjana,พฤ. 8 เม.ย. 64,17:42,0340,0301,0060+260,1,0,0,เสร็จ,Highway,https://haims2.doh.go.th/view/975831
1942.,975633,kanjana,จ. 5 เม.ย. 64,18:00,0340,0301,0067+760,2,0,1,เสร็จ,Highway,https://haims2.doh.go.th/view/975633
1944.,975601,kanjana,จ. 5 เม.ย. 64,11:20,0340,0301,0069+140,2,0,1,เสร็จ,Highway,https://haims2.doh.go.th/view/975601
1947.,975577,kanjana,ส. 3 เม.ย. 64,16:40,0340,0301,0067+170,2,0,0,เสร็จ,Highway,https://haims2.doh.go.th/view/975577
1948.,975569,kanjana,ส. 3 เม.ย. 64,06:00,0340,0301,0063+300,1,0,0,เสร็จ,Highway,https://haims2.doh.go.th/view/975569
1949.,975439,kanjana,พฤ. 1 เม.ย. 64,17:30,0340,0301,0063+040,1,0,1,เสร็จ,Highway,https://haims2.doh.go.th/view/975439
1957.,975189,kanjana,จ. 29 มี.ค. 64,22:35,0340,0301,0059+460,1,0,0,เสร็จ,Highway,https://haims2.doh.go.th/view/975189
1958.,975172,kanjana,ศ. 19 มี.ค. 64,02:30,0340,0301,0053+130,1,0,1,เสร็จ,Highway,https://haims2.doh.go.th/view/975172
1963.,975094,kanjana,ส. 27 มี.ค. 64,10:00,0340,0301,0056+920,1,0,0,เสร็จ,Highway,https://haims2.doh.go.th/view/975094
1964.,975093,konsucha,ส. 27 มี.ค. 64,09:00,0340,0301,0071+720,4,0,3,เสร็จ,Highway,https://haims2.doh.go.th/view/975093
1972.,974988,kanjana,พ. 24 มี.ค. 64,13:00,0340,0301,0060+480,2,0,0,เสร็จ,Highway,https://haims2.doh.go.th/view/974988
1974.,974967,kanjana,พฤ. 25 มี.ค. 64,04:00,0340,0301,0078+120,1,1,2,เสร็จ,Highway,https://haims2.doh.go.th/view/974967
1975.,974938,konsucha,ศ. 19 มี.ค. 64,01:30,0340,0301,0074+200,1,0,0,เสร็จ,Highway,https://haims2.doh.go.th/view/974938
1977.,974899,kanjana,พ. 24 มี.ค. 64,11:40,0340,0301,0060+280,2,1,0,เสร็จ,Highway,https://haims2.doh.go.th/view/974899
1978.,974853,konsucha,จ. 22 มี.ค. 64,22:20,0340,0301,0074+340,2,0,0,เสร็จ,Highway,https://haims2.doh.go.th/view/974853
1986.,974478,kanjana,อ. 16 มี.ค. 64,05:40,0340,0301,0051+510,1,0,1,เสร็จ,Highway,https://haims2.doh.go.th/view/974478
1993.,974368,konsucha,อา. 14 มี.ค. 64,10:30,0340,0301,0074+800,2,0,0,เสร็จ,Highway,https://haims2.doh.go.th/view/974368
1997.,974220,konsucha,อ. 9 มี.ค. 64,17:20,0340,0301,0066+480,1,0,0,เสร็จ,Highway,https://haims2.doh.go.th/view/974220
1998.,974156,kanjana,จ. 8 มี.ค. 64,17:25,0340,0301,0070+290,2,0,1,เสร็จ,Highway,https://haims2.doh.go.th/view/974156
2002.,974112,konsucha,อา. 7 มี.ค. 64,00:35,0340,0301,0074+390,2,0,1,เสร็จ,Highway,https://haims2.doh.go.th/view/974112
2004.,974068,441a4,ศ. 5 มี.ค. 64,09:45,0340,0301,0062+300,2,0,0,เสร็จ,Highway,https://haims2.doh.go.th/view/974068
2005.,974038,441a4,พฤ. 4 มี.ค. 64,18:55,0340,0301,0058+450,2,0,0,เสร็จ,Highway,https://haims2.doh.go.th/view/974038
2020.,973663,kanjana,ศ. 26 ก.พ. 64,15:00,0340,0301,0065+250,3,0,0,เสร็จ,Highway,https://haims2.doh.go.th/view/973663
2021.,973654,kanjana,อา. 28 ก.พ. 64,21:15,0340,0301,0073+970,1,0,1,เสร็จ,Highway,https://haims2.doh.go.th/view/973654
2025.,973458,kanjana,อ. 23 ก.พ. 64,20:30,0340,0301,0075+250,2,0,1,เสร็จ,Highway,https://haims2.doh.go.th/view/973458
2026.,973446,kanjana,อ. 23 ก.พ. 64,17:15,0340,0301,0058+320,2,0,1,เสร็จ,Highway,https://haims2.doh.go.th/view/973446
2027.,973377,kanjana,อา. 21 ก.พ. 64,16:40,0340,0301,0066+970,2,0,1,เสร็จ,Highway,https://haims2.doh.go.th/view/973377
2037.,973173,kanjana,ส. 13 ก.พ. 64,13:15,0340,0301,0075+500,2,0,1,เสร็จ,Highway,https://haims2.doh.go.th/view/973173
2039.,973163,konsucha,พฤ. 11 ก.พ. 64,08:20,0340,0301,0062+700,2,0,1,เสร็จ,Highway,https://haims2.doh.go.th/view/973163
2040.,973161,kanjana,อ. 16 ก.พ. 64,18:50,0340,0301,0070+670,2,0,1,เสร็จ,Highway,https://haims2.doh.go.th/view/973161
2042.,973124,kanjana,พ. 17 ก.พ. 64,11:50,0340,0301,0070+690,2,0,1,เสร็จ,Highway,https://haims2.doh.go.th/view/973124
2045.,973049,kanjana,อ. 9 ก.พ. 64,14:00,0340,0301,0068+820,2,0,0,เสร็จ,Highway,https://haims2.doh.go.th/view/973049
2046.,973029,kanjana,อา. 7 ก.พ. 64,01:00,0340,0301,0069+050,2,0,1,เสร็จ,Highway,https://haims2.doh.go.th/view/973029
2067.,972320,kanjana,ศ. 5 ก.พ. 64,11:15,0340,0301,0067+560,2,0,1,เสร็จ,Highway,https://haims2.doh.go.th/view/972320
2068.,972318,kanjana,พฤ. 4 ก.พ. 64,03:50,0340,0301,0052+600,1,0,0,เสร็จ,Highway,https://haims2.doh.go.th/view/972318
2076.,972069,kanjana,พฤ. 28 ม.ค. 64,12:50,0340,0301,0061+450,2,0,1,เสร็จ,Highway,https://haims2.doh.go.th/view/972069
2088.,971956,kanjana,ส. 30 ม.ค. 64,17:10,0340,0301,0071+870,2,0,0,เสร็จ,Highway,https://haims2.doh.go.th/view/971956
2095.,971726,kanjana,อา. 24 ม.ค. 64,11:50,0340,0301,0070+270,2,0,2,เสร็จ,Highway,https://haims2.doh.go.th/view/971726
2099.,971591,kanjana,ศ. 15 ม.ค. 64,12:40,0340,0301,0071+360,2,0,1,เสร็จ,Highway,https://haims2.doh.go.th/view/971591
2104.,971533,441a4,ศ. 8 ม.ค. 64,07:58,0340,0301,0076+600,3,0,0,เสร็จ,Highway,https://haims2.doh.go.th/view/971533
2105.,971500,441a4,อา. 17 ม.ค. 64,23:30,0340,0301,0076+940,1,0,0,เสร็จ,Highway,https://haims2.doh.go.th/view/971500
2106.,971493,kanjana,ศ. 22 ม.ค. 64,09:10,0340,0301,0059+220,2,0,1,เสร็จ,Highway,https://haims2.doh.go.th/view/971493
2113.,971254,441a4,ศ. 8 ม.ค. 64,17:15,0340,0301,0076+590,2,0,0,เสร็จ,Highway,https://haims2.doh.go.th/view/971254
2128.,970393,kanjana,จ. 4 ม.ค. 64,15:30,0340,0301,0069+920,2,0,1,เสร็จ,Highway,https://haims2.doh.go.th/view/970393
2129.,970282,patcharin,จ. 4 ม.ค. 64,00:45,0340,0301,0074+720,1,0,0,เสร็จ,Highway,https://haims2.doh.go.th/view/970282
2138.,970054,kanjana,ส. 2 ม.ค. 64,21:15,0340,0301,0060+300,2,0,6,เสร็จ,Highway,https://haims2.doh.go.th/view/970054
2140.,969984,kanjana,ส. 2 ม.ค. 64,14:50,0340,0301,0058+480,2,0,4,เสร็จ,Highway,https://haims2.doh.go.th/view/969984
2151.,969635,kanjana,พฤ. 31 ธ.ค. 63,23:10,0340,0301,0074+900,1,0,1,เสร็จ,Highway,https://haims2.doh.go.th/view/969635
2154.,969474,441a4,พฤ. 31 ธ.ค. 63,12:00,0340,0301,0070+150,2,0,0,เสร็จ,Highway,https://haims2.doh.go.th/view/969474
2155.,969468,konsucha,พฤ. 31 ธ.ค. 63,11:30,0340,0301,0049+550,3,0,0,เสร็จ,Highway,https://haims2.doh.go.th/view/969468
2156.,969464,konsucha,พฤ. 31 ธ.ค. 63,11:00,0340,0301,0050+150,1,0,2,เสร็จ,Highway,https://haims2.doh.go.th/view/969464
2158.,969307,kanjana,พ. 30 ธ.ค. 63,20:30,0340,0301,0070+370,3,0,0,เสร็จ,Highway,https://haims2.doh.go.th/view/969307
2160.,969259,kanjana,ศ. 25 ธ.ค. 63,14:00,0340,0301,0068+730,2,0,1,เสร็จ,Highway,https://haims2.doh.go.th/view/969259
2162.,969189,konsucha,พ. 30 ธ.ค. 63,14:00,0340,0301,0058+440,2,0,0,เสร็จ,Highway,https://haims2.doh.go.th/view/969189
2163.,969135,441a4,พ. 30 ธ.ค. 63,12:30,0340,0301,0077+390,2,0,0,เสร็จ,Highway,https://haims2.doh.go.th/view/969135
2164.,969112,konsucha,พ. 30 ธ.ค. 63,08:40,0340,0301,0065+750,3,0,0,เสร็จ,Highway,https://haims2.doh.go.th/view/969112
2167.,969003,kanjana,อ. 29 ธ.ค. 63,21:00,0340,0301,0059+440,1,0,0,เสร็จ,Highway,https://haims2.doh.go.th/view/969003
2174.,968815,kanjana,จ. 28 ธ.ค. 63,11:20,0340,0301,0056+514,1,0,1,เสร็จ,Highway,https://haims2.doh.go.th/view/968815
1247.,995074,Kanjana,Thu. 31 Mar. 65,14:35,0340,0301,0076+950,2,0,1,finish,Highway,https://haims2.doh.go.th/view/995074
1249.,995052,441a4,Mon. 4 Apr. 65,16:40,0340,0301,0070+570,2,0,1,finish,Highway,https://haims2.doh.go.th/view/995052
1262.,994735,Kanjana,Wed. 30 Mar. 65,02:00,0340,0301,0058+450,2,0,1,finish,Highway,https://haims2.doh.go.th/view/994735
1268.,994649,Kanjana,Tue. 29 Mar. 65,08:30,0340,0301,0067+170,1,0,0,finish,Highway,https://haims2.doh.go.th/view/994649
1269.,994643,Kanjana,Sat. 19 Mar. 65,11:55,0340,0301,0074+820,1,0,1,finish,Highway,https://haims2.doh.go.th/view/994643
1271.,994581,Kanjana,Sat. 26 Mar. 65,19:00,0340,0301,0072+300,2,1,0,finish,Highway,https://haims2.doh.go.th/view/994581
1275.,994516,Kanjana,Thu 25 Mar 65,08:20,0340,0301,0068+100,2,0,1,finish,Highway,https://haims2.doh.go.th/view/994516
1277.,994501,Kanjana,Thu. 24 Mar. 65,20:15,0340,0301,0058+000,2,1,0,finish,Highway,https://haims2.doh.go.th/view/994501
1285.,994055,441a4,Tue. 15 Mar. 65,10:30,0340,0301,0061+010,2,0,0,finish,Highway,https://haims2.doh.go.th/view/994055
1287.,994007,Kanjana,Sat. 12 Mar. 65,16:15,0340,0301,0069+050,2,0,1,finish,Highway,https://haims2.doh.go.th/view/994007
1288.,993998,Kanjana,Thu. 10 Mar. 65,00:10,0340,0301,0068+420,1,0,0,finish,Highway,https://haims2.doh.go.th/view/993998
1291.,993879,Kanjana,Tue. 8 Mar. 65,14:10,0340,0301,0058+175,1,0,1,finish,Highway,https://haims2.doh.go.th/view/993879
1293.,993840,441a4,Thu. 3 Mar. 65,13:20,0340,0301,0071+450,3,0,0,finish,Highway,https://haims2.doh.go.th/view/993840
1295.,993808,I am a lover.,Thu. 3 Mar. 65,13:15,0340,0301,0053+820,1,0,0,finish,Highway,https://haims2.doh.go.th/view/993808
1296.,993791,Kanjana,Thu. 3 Mar. 65,10:50,0340,0301,0066+890,1,0,1,finish,Highway,https://haims2.doh.go.th/view/993791
1309.,993373,I am a lover.,Mon. 28 Feb. 65,20:30,0340,0301,0070+870,2,0,0,finish,Highway,https://haims2.doh.go.th/view/993373
1310.,993364,I am a lover.,Mon. 28 Feb. 65,10:30,0340,0301,0053+450,1,0,0,finish,Highway,https://haims2.doh.go.th/view/993364
1311.,993356,Kanjana,Sat. 19 Feb. 65,03:20,0340,0301,0062+970,1,0,0,finish,Highway,https://haims2.doh.go.th/view/993356
1319.,993059,441a4,Mon. 21 Feb. 65,09:20,0340,0301,0066+440,2,0,1,finish,Highway,https://haims2.doh.go.th/view/993059
1339.,992834,I am a lover.,Wed. 16 Feb. 65,15:30,0340,0301,0058+500,2,0,0,finish,Highway,https://haims2.doh.go.th/view/992834
1343.,992773,Kanjana,Wed. 9 Feb. 65,15:50,0340,0301,0067+100,2,0,1,finish,Highway,https://haims2.doh.go.th/view/992773
1352.,992441,Kanjana,Sat. 5 Feb. 65,11:50,0340,0301,0057+225,1,0,0,finish,Highway,https://haims2.doh.go.th/view/992441
1364.,992222,441a4,Thu. 3 Feb. '22,19:50,0340,0301,0067+740,1,0,0,finish,Highway,https://haims2.doh.go.th/view/992222
1366.,992123,I am a lover.,Wed. 2 Feb. 65,02:19,0340,0301,0076+700,2,0,1,finish,Highway,https://haims2.doh.go.th/view/992123
1378.,991792,441a,Mon. 25 Jan. 65,01:00,0340,0301,0067+720,1,0,0,finish,Highway,https://haims2.doh.go.th/view/991792
1387.,991699,kanjana,อา. 23 ม.ค. 65,08:50,0340,0301,0053+130,3,0,0,เสร็จ,Highway,https://haims2.doh.go.th/view/991699
1389.,991688,konsucha,อา. 23 ม.ค. 65,15:30,0340,0301,0068+750,2,0,5,เสร็จ,Highway,https://haims2.doh.go.th/view/991688
1393.,991665,441a,ส. 22 ม.ค. 65,08:30,0340,0301,0073+220,1,0,0,เสร็จ,Highway,https://haims2.doh.go.th/view/991665
1395.,991637,kanjana,อา. 16 ม.ค. 65,16:10,0340,0301,0063+820,2,0,1,เสร็จ,Highway,https://haims2.doh.go.th/view/991637
1398.,991529,441a4,พฤ. 20 ม.ค. 65,15:45,0340,0301,0053+200,2,0,0,เสร็จ,Highway,https://haims2.doh.go.th/view/991529
1399.,991519,kanjana,พฤ. 20 ม.ค. 65,11:50,0340,0301,0066+000,2,0,1,เสร็จ,Highway,https://haims2.doh.go.th/view/991519
1423.,990790,kanjana,พ. 5 ม.ค. 65,22:50,0340,0301,0074+420,1,0,0,เสร็จ,Highway,https://haims2.doh.go.th/view/990790
1425.,990786,441a,อา. 9 ม.ค. 65,22:20,0340,0301,0066+700,1,0,1,เสร็จ,Highway,https://haims2.doh.go.th/view/990786
1447.,990194,kanjana,อา. 2 ม.ค. 65,16:40,0340,0301,0055+770,3,0,1,เสร็จ,Highway,https://haims2.doh.go.th/view/990194
1460.,989840,kanjana,ส. 1 ม.ค. 65,01:40,0340,0301,0056+040,1,0,1,เสร็จ,Highway,https://haims2.doh.go.th/view/989840
1466.,989664,kanjana,ศ. 31 ธ.ค. 64,14:30,0340,0301,0052+200,2,0,0,เสร็จ,Highway,https://haims2.doh.go.th/view/989664
1467.,989654,kanjana,ศ. 31 ธ.ค. 64,13:10,0340,0301,0051+900,2,0,0,เสร็จ,Highway,https://haims2.doh.go.th/view/989654
1475.,989406,konsucha,พฤ. 30 ธ.ค. 64,12:35,0340,0301,0056+560,5,0,0,เสร็จ,Highway,https://haims2.doh.go.th/view/989406
1476.,989378,kanjana,พฤ. 30 ธ.ค. 64,13:00,0340,0301,0055+670,2,0,0,เสร็จ,Highway,https://haims2.doh.go.th/view/989378
1477.,989368,konsucha,พฤ. 30 ธ.ค. 64,12:55,0340,0301,0055+320,4,0,0,เสร็จ,Highway,https://haims2.doh.go.th/view/989368
1482.,989185,kanjana,พ. 29 ธ.ค. 64,16:30,0340,0301,0061+100,2,0,2,เสร็จ,Highway,https://haims2.doh.go.th/view/989185
1492.,988813,kanjana,ส. 25 ธ.ค. 64,13:50,0340,0301,0070+690,2,0,0,เสร็จ,Highway,https://haims2.doh.go.th/view/988813
1493.,988645,441a4,พฤ. 23 ธ.ค. 64,03:30,0340,0301,0074+840,1,0,1,เสร็จ,Highway,https://haims2.doh.go.th/view/988645
1494.,988631,konsucha,พ. 22 ธ.ค. 64,14:00,0340,0301,0072+800,2,0,0,เสร็จ,Highway,https://haims2.doh.go.th/view/988631
1498.,988527,kanjana,อา. 19 ธ.ค. 64,20:00,0340,0301,0058+520,2,0,1,เสร็จ,Highway,https://haims2.doh.go.th/view/988527
1499.,988494,konsucha,พ. 15 ธ.ค. 64,09:50,0340,0301,0071+050,2,0,1,เสร็จ,Highway,https://haims2.doh.go.th/view/988494
1501.,988390,kanjana,อ. 14 ธ.ค. 64,12:30,0340,0301,0065+640,2,0,1,เสร็จ,Highway,https://haims2.doh.go.th/view/988390
1512.,988135,kanjana,ส. 11 ธ.ค. 64,14:40,0340,0301,0063+340,1,0,2,เสร็จ,Highway,https://haims2.doh.go.th/view/988135
1518.,987857,kanjana,พฤ. 9 ธ.ค. 64,07:30,0340,0301,0060+750,2,0,0,เสร็จ,Highway,https://haims2.doh.go.th/view/987857
1519.,987854,kanjana,พ. 8 ธ.ค. 64,18:50,0340,0301,0059+030,1,0,2,เสร็จ,Highway,https://haims2.doh.go.th/view/987854
1520.,987851,kanjana,อา. 5 ธ.ค. 64,16:00,0340,0301,0063+920,2,0,0,เสร็จ,Highway,https://haims2.doh.go.th/view/987851
1522.,987833,441a4,ส. 4 ธ.ค. 64,09:40,0340,0301,0065+300,2,0,1,เสร็จ,Highway,https://haims2.doh.go.th/view/987833
1527.,987705,kanjana,พ. 1 ธ.ค. 64,22:55,0340,0301,0060+650,1,0,1,เสร็จ,Highway,https://haims2.doh.go.th/view/987705
1528.,987688,441a,พ. 1 ธ.ค. 64,08:30,0340,0301,0077+460,1,0,0,เสร็จ,Highway,https://haims2.doh.go.th/view/987688
1532.,987594,kanjana,อา. 28 พ.ย. 64,20:45,0340,0301,0055+600,5,0,0,เสร็จ,Highway,https://haims2.doh.go.th/view/987594
1533.,987591,kanjana,อา. 28 พ.ย. 64,15:00,0340,0301,0054+940,6,0,0,เสร็จ,Highway,https://haims2.doh.go.th/view/987591
1548.,987224,441a4,พ. 24 พ.ย. 64,23:15,0340,0301,0050+940,2,0,3,เสร็จ,Highway,https://haims2.doh.go.th/view/987224
1549.,987219,kanjana,พ. 24 พ.ย. 64,03:00,0340,0301,0057+225,1,0,0,เสร็จ,Highway,https://haims2.doh.go.th/view/987219
1554.,987029,kanjana,ศ. 19 พ.ย. 64,23:00,0340,0301,0074+850,1,0,1,เสร็จ,Highway,https://haims2.doh.go.th/view/987029
1564.,986894,konsucha,พ. 17 พ.ย. 64,21:49,0340,0301,0071+070,1,0,0,เสร็จ,Highway,https://haims2.doh.go.th/view/986894
1567.,986882,konsucha,พ. 17 พ.ย. 64,22:30,0340,0301,0069+060,1,0,1,เสร็จ,Highway,https://haims2.doh.go.th/view/986882
1570.,986789,kanjana,ศ. 12 พ.ย. 64,22:30,0340,0301,0068+650,2,0,1,เสร็จ,Highway,https://haims2.doh.go.th/view/986789
1571.,986784,kanjana,อ. 16 พ.ย. 64,00:30,0340,0301,0072+360,1,0,0,เสร็จ,Highway,https://haims2.doh.go.th/view/986784
1581.,986485,kanjana,อ. 9 พ.ย. 64,11:50,0340,0301,0058+560,2,0,0,เสร็จ,Highway,https://haims2.doh.go.th/view/986485
1582.,986451,konsucha,จ. 8 พ.ย. 64,13:30,0340,0301,0059+910,3,0,1,เสร็จ,Highway,https://haims2.doh.go.th/view/986451
1583.,986381,kanjana,ส. 6 พ.ย. 64,20:49,0340,0301,0068+670,1,0,0,เสร็จ,Highway,https://haims2.doh.go.th/view/986381
1584.,986378,kanjana,ศ. 5 พ.ย. 64,23:32,0340,0301,0068+670,1,0,0,เสร็จ,Highway,https://haims2.doh.go.th/view/986378
1586.,986265,kanjana,พ. 3 พ.ย. 64,16:20,0340,0301,0070+310,2,0,2,เสร็จ,Highway,https://haims2.doh.go.th/view/986265
1589.,986239,kanjana,พ. 3 พ.ย. 64,16:15,0340,0301,0070+570,2,0,0,เสร็จ,Highway,https://haims2.doh.go.th/view/986239
1599.,986097,441a4,อา. 10 ต.ค. 64,15:40,0340,0301,0067+300,1,0,0,เสร็จ,Highway,https://haims2.doh.go.th/view/986097
1601.,986075,kanjana,อา. 31 ต.ค. 64,20:18,0340,0301,0061+220,2,1,1,เสร็จ,Highway,https://haims2.doh.go.th/view/986075
1606.,986017,kanjana,พฤ. 28 ต.ค. 64,05:30,0340,0301,0059+920,2,0,0,เสร็จ,Highway,https://haims2.doh.go.th/view/986017
1614.,985765,kanjana,อ. 19 ต.ค. 64,00:00,0340,0301,0060+210,1,0,1,เสร็จ,Highway,https://haims2.doh.go.th/view/985765
1615.,985697,kanjana,อา. 24 ต.ค. 64,19:24,0340,0301,0065+800,1,0,0,เสร็จ,Highway,https://haims2.doh.go.th/view/985697
1616.,985651,kanjana,ส. 23 ต.ค. 64,18:22,0340,0301,0070+970,1,0,1,เสร็จ,Highway,https://haims2.doh.go.th/view/985651
1623.,985184,kanjana,ส. 9 ต.ค. 64,01:10,0340,0301,0072+130,1,0,0,เสร็จ,Highway,https://haims2.doh.go.th/view/985184
1624.,985172,kanjana,ส. 9 ต.ค. 64,01:07,0340,0301,0058+060,2,0,1,เสร็จ,Highway,https://haims2.doh.go.th/view/985172
1631.,984766,kanjana,อา. 3 ต.ค. 64,11:20,0340,0301,0072+770,2,0,1,เสร็จ,Highway,https://haims2.doh.go.th/view/984766
1632.,984746,kanjana,จ. 4 ต.ค. 64,08:50,0340,0301,0053+800,3,0,0,เสร็จ,Highway,https://haims2.doh.go.th/view/984746
1643.,984616,kanjana,ศ. 1 ต.ค. 64,11:45,0340,0301,0055+010,1,1,1,เสร็จ,Highway,https://haims2.doh.go.th/view/984616
1644.,984614,kanjana,ศ. 10 ก.ย. 64,09:00,0340,0301,0059+900,2,0,1,เสร็จ,Highway,https://haims2.doh.go.th/view/984614
1649.,984474,konsucha,พฤ. 23 ก.ย. 64,20:50,0340,0301,0060+920,1,0,0,เสร็จ,Highway,https://haims2.doh.go.th/view/984474
1650.,984463,kanjana,พฤ. 23 ก.ย. 64,20:15,0340,0301,0077+350,2,0,1,เสร็จ,Highway,https://haims2.doh.go.th/view/984463
1651.,984452,441a4,ศ. 24 ก.ย. 64,14:00,0340,0301,0059+000,3,0,0,เสร็จ,Highway,https://haims2.doh.go.th/view/984452
1657.,984123,kanjana,ส. 18 ก.ย. 64,20:20,0340,0301,0073+170,1,0,1,เสร็จ,Highway,https://haims2.doh.go.th/view/984123
1658.,984048,kanjana,อา. 12 ก.ย. 64,20:20,0340,0301,0074+230,2,0,0,เสร็จ,Highway,https://haims2.doh.go.th/view/984048
1659.,984039,kanjana,พ. 8 ก.ย. 64,14:00,0340,0301,0061+770,1,0,0,เสร็จ,Highway,https://haims2.doh.go.th/view/984039
1660.,984029,kanjana,ส. 4 ก.ย. 64,20:14,0340,0301,0066+090,1,0,0,เสร็จ,Highway,https://haims2.doh.go.th/view/984029
1661.,984023,kanjana,พ. 15 ก.ย. 64,17:17,0340,0301,0062+540,1,0,1,เสร็จ,Highway,https://haims2.doh.go.th/view/984023
1662.,984016,kanjana,พฤ. 16 ก.ย. 64,05:30,0340,0301,0061+180,1,0,0,เสร็จ,Highway,https://haims2.doh.go.th/view/984016
1663.,984004,kanjana,พ. 15 ก.ย. 64,18:15,0340,0301,0057+110,2,1,1,เสร็จ,Highway,https://haims2.doh.go.th/view/984004
1665.,983909,441a4,พ. 1 ก.ย. 64,10:30,0340,0301,0066+460,2,0,1,เสร็จ,Highway,https://haims2.doh.go.th/view/983909
1666.,983839,441a4,พ. 1 ก.ย. 64,03:30,0340,0301,0074+380,1,0,0,เสร็จ,Highway,https://haims2.doh.go.th/view/983839
1671.,983731,kanjana,พฤ. 9 ก.ย. 64,09:40,0340,0301,0059+270,2,0,1,เสร็จ,Highway,https://haims2.doh.go.th/view/983731
1679.,983357,kanjana,อ. 24 ส.ค. 64,21:10,0340,0301,0071+050,1,0,1,เสร็จ,Highway,https://haims2.doh.go.th/view/983357
1681.,983334,441a4,อ. 31 ส.ค. 64,10:20,0340,0301,0065+400,2,0,0,เสร็จ,Highway,https://haims2.doh.go.th/view/983334
1683.,983326,kanjana,อ. 31 ส.ค. 64,19:50,0340,0301,0074+630,1,0,0,เสร็จ,Highway,https://haims2.doh.go.th/view/983326
1685.,983313,kanjana,จ. 30 ส.ค. 64,03:05,0340,0301,0068+670,1,0,0,เสร็จ,Highway,https://haims2.doh.go.th/view/983313
1696.,983053,441a4,อ. 24 ส.ค. 64,20:20,0340,0301,0070+970,2,0,1,เสร็จ,Highway,https://haims2.doh.go.th/view/983053
1703.,982837,441a4,อา. 22 ส.ค. 64,12:07,0340,0301,0069+030,1,0,0,เสร็จ,Highway,https://haims2.doh.go.th/view/982837
6.,1063344,441a4,Wed. 27 Dec. 66,11:30,0340,0301,0065+420,2,0,1,finish,Highway,https://haims2.doh.go.th/view/1063344
7.,1063337,Kanjana,Wed. 27 Dec. 66,03:20,0340,0301,0056+500,1,0,0,finish,Highway,https://haims2.doh.go.th/view/1063337
10.,1063260,Kanjana,Sun. 24 Dec. 66,06:20,0340,0301,0069+060,1,0,1,finish,Highway,https://haims2.doh.go.th/view/1063260
12.,1063253,Kanjana,Sat. 2 Dec. 66,15:55,0340,0301,0066+650,2,0,0,finish,Highway,https://haims2.doh.go.th/view/1063253
16.,1062440,Kanjana,Sat. 23 Dec. 66,01:40,0340,0301,0070+270,3,0,0,finish,Highway,https://haims2.doh.go.th/view/1062440
18.,1062240,Kanjana,Sun. 31 Dec. 66,13:50,0340,0301,0071+150,2,0,1,finish,Highway,https://haims2.doh.go.th/view/1062240
33.,1062046,Kanjana,Sat. 30 Dec. 66,18:40,0340,0301,0059+800,2,0,0,finish,Highway,https://haims2.doh.go.th/view/1062046
34.,1062044,Kanjana,Sat. 30 Dec. 66,18:20,0340,0301,0060+100,2,0,1,finish,Highway,https://haims2.doh.go.th/view/1062044
35.,1061981,441a4,Sat. 30 Dec. 66,13:40,0340,0301,0054+630,3,0,0,finish,Highway,https://haims2.doh.go.th/view/1061981
36.,1061949,Kanjana,Sat. 30 Dec. 66,10:00,0340,0301,0056+300,3,0,0,finish,Highway,https://haims2.doh.go.th/view/1061949
37.,1061946,Kanjana,Sat. 30 Dec. 66,10:40,0340,0301,0055+840,3,0,0,finish,Highway,https://haims2.doh.go.th/view/1061946
38.,1061940,Kanjana,Sat. 30 Dec. 66,10:20,0340,0301,0050+100,3,0,0,finish,Highway,https://haims2.doh.go.th/view/1061940
43.,1061739,I am a lover.,Sat. 29 Dec. 66,23:20,0340,0301,0074+800,1,0,1,finish,Highway,https://haims2.doh.go.th/view/1061739
47.,1061619,Kanjana,Sat. 29 Dec. 66,12:30,0340,0301,0054+770,2,0,0,finish,Highway,https://haims2.doh.go.th/view/1061619
61.,1060872,Kanjana,Mon. 18 Dec. 66,16:40,0340,0301,0065+200,2,0,1,finish,Highway,https://haims2.doh.go.th/view/1060872
63.,1060861,Kanjana,Sat. 16 Dec. 66,09:00,0340,0301,0072+290,2,0,1,finish,Highway,https://haims2.doh.go.th/view/1060861
75.,1059869,I am a lover.,Sat. 16 Dec. 66,20:10,0340,0301,0072+700,1,0,0,finish,Highway,https://haims2.doh.go.th/view/1059869
76.,1059843,Kanjana,Sun. 10 Dec. 66,05:20,0340,0301,0060+100,1,0,0,finish,Highway,https://haims2.doh.go.th/view/1059843
80.,1058811,Kanjana,Thu. 7 Dec. 66,17:10,0340,0301,0059+960,2,0,2,finish,Highway,https://haims2.doh.go.th/view/1058811
100.,1057421,Kanjana,Thu. 30 Nov. 66,04:50,0340,0301,0074+800,2,0,1,finish,Highway,https://haims2.doh.go.th/view/1057421
111.,1057362,Kanjana,Tue. 28 Nov. 66,18:20,0340,0301,0056+300,3,0,1,finish,Highway,https://haims2.doh.go.th/view/1057362
112.,1057353,Kanjana,Sat. 25 Nov. 66,23:40,0340,0301,0073+920,2,0,1,finish,Highway,https://haims2.doh.go.th/view/1057353
120.,1057073,I am a lover.,Sat. 25 Nov. 66,12:45,0340,0301,0070+670,3,0,0,finish,Highway,https://haims2.doh.go.th/view/1057073
121.,1057068,Kanjana,Thu 24 Nov 66,18:30,0340,0301,0071+800,3,0,0,finish,Highway,https://haims2.doh.go.th/view/1057068
123.,1056779,Kanjana,Mon. 20 Nov. 66,20:20,0340,0301,0061+700,2,0,2,finish,Highway,https://haims2.doh.go.th/view/1056779
125.,1056759,Kanjana,Sat. 18 Nov. 66,18:30,0340,0301,0071+710,1,0,2,finish,Highway,https://haims2.doh.go.th/view/1056759
127.,1056570,Kanjana,Sun. 19 Nov. 66,00:30,0340,0301,0053+600,1,0,1,finish,Highway,https://haims2.doh.go.th/view/1056570
128.,1056561,I am a lover.,Thu 17 Nov 66,14:45,0340,0301,0049+300,1,0,0,finish,Highway,https://haims2.doh.go.th/view/1056561
135.,1056026,I am a lover.,Thu. 16 Nov. 66,17:10,0340,0301,0070+690,2,0,1,finish,Highway,https://haims2.doh.go.th/view/1056026
138.,1055745,Kanjana,Wed. 15 Nov. 66,23:50,0340,0301,0063+500,2,0,1,finish,Highway,https://haims2.doh.go.th/view/1055745
160.,1054358,Kanjana,Sat. 4 Nov. 66,17:35,0340,0301,0064+250,4,0,1,finish,Highway,https://haims2.doh.go.th/view/1054358
161.,1054356,Kanjana,Thurs. 2 Nov. 66,07:40,0340,0301,0077+360,1,0,0,finish,Highway,https://haims2.doh.go.th/view/1054356
176.,1053555,Kanjana,Tue. 31 Oct. 66,01:50,0340,0301,0060+560,1,0,0,finish,Highway,https://haims2.doh.go.th/view/1053555
187.,1053372,Kanjana,Sat. 28 Oct. 66,15:00,0340,0301,0066+850,2,0,1,finish,Highway,https://haims2.doh.go.th/view/1053372
188.,1053371,Kanjana,Sat. 28 Oct. 66,09:30,0340,0301,0067+090,2,1,0,finish,Highway,https://haims2.doh.go.th/view/1053371
189.,1053369,441a,Thu. 26 Oct. 66,15:00,0340,0301,0068+470,3,0,3,finish,Highway,https://haims2.doh.go.th/view/1053369
190.,1053368,Kanjana,Sun. 29 Oct. 66,11:00,0340,0301,0053+300,1,0,2,finish,Highway,https://haims2.doh.go.th/view/1053368
203.,1053074,441a,Tue. 17 Oct. 66,13:00,0340,0301,0053+720,3,0,2,finish,Highway,https://haims2.doh.go.th/view/1053074
222.,1051496,Kanjana,Tue. 17 Oct. 66,10:30,0340,0301,0072+650,2,0,0,finish,Highway,https://haims2.doh.go.th/view/1051496
224.,1051488,Kanjana,Wed. 11 Oct. 66,15:35,0340,0301,0065+600,2,0,0,finish,Highway,https://haims2.doh.go.th/view/1051488
260.,1049838,Kanjana,Wed. 4 Oct. 66,15:00,0340,0301,0068+560,2,0,1,finish,Highway,https://haims2.doh.go.th/view/1049838
262.,1049781,441a4,Tue. 3 Oct. 66,10:40,0340,0301,0053+330,2,0,0,finish,Highway,https://haims2.doh.go.th/view/1049781
270.,1048950,Kanjana,Thu. 21 Sept. 66,20:30,0340,0301,0058+040,1,0,1,finish,Highway,https://haims2.doh.go.th/view/1048950
285.,1048271,Kanjana,Thu 22 Sep 66,11:25,0340,0301,0066+300,2,0,0,finish,Highway,https://haims2.doh.go.th/view/1048271
286.,1048266,Kanjana,Thu. 21 Sept. 66,23:20,0340,0301,0058+400,2,0,0,finish,Highway,https://haims2.doh.go.th/view/1048266
288.,1047827,Kanjana,Wed. 13 Sept. 66,08:00,0340,0301,0063+500,2,1,0,finish,Highway,https://haims2.doh.go.th/view/1047827
289.,1047822,Kanjana,Tue. 12 Sept. 66,06:25,0340,0301,0061+800,1,0,0,finish,Highway,https://haims2.doh.go.th/view/1047822
297.,1047533,I am a lover.,Sat. 9 Sept. 66,05:50,0340,0301,0050+400,2,0,1,finish,Highway,https://haims2.doh.go.th/view/1047533
310.,1046438,Kanjana,Wed. 6 Sept. 66,15:30,0340,0301,0051+160,1,0,2,finish,Highway,https://haims2.doh.go.th/view/1046438
313.,1046298,Kanjana,Tue. 5 Sept. 66,19:05,0340,0301,0059+900,2,0,1,finish,Highway,https://haims2.doh.go.th/view/1046298
314.,1046296,Kanjana,Tue. 5 Sept. 66,01:53,0340,0301,0077+030,1,0,2,finish,Highway,https://haims2.doh.go.th/view/1046296
317.,1046050,Kanjana,Sun. 3 Sept. 66,11:46,0340,0301,0072+530,2,0,1,finish,Highway,https://haims2.doh.go.th/view/1046050
324.,1045653,Kanjana,Tue. 22 Aug. 66,06:20,0340,0301,0070+070,1,0,1,finish,Highway,https://haims2.doh.go.th/view/1045653
345.,1044241,Kanjana,Fri. 18 Aug. 66,21:28,0340,0301,0069+480,2,0,1,finish,Highway,https://haims2.doh.go.th/view/1044241
347.,1044106,Kanjana,Mon. 14 Aug. 66,03:00,0340,0301,0070+140,1,0,3,finish,Highway,https://haims2.doh.go.th/view/1044106
352.,1043773,Kanjana,Sat. 12 Aug. 66,01:20,0340,0301,0052+500,2,0,1,finish,Highway,https://haims2.doh.go.th/view/1043773
358.,1043215,I am a lover.,Thu. 10 Aug. 66,16:30,0340,0301,0064+300,1,0,1,finish,Highway,https://haims2.doh.go.th/view/1043215
370.,1042801,Kanjana,Wed. 9 Aug. 66,02:20,0340,0301,0069+600,1,0,0,finish,Highway,https://haims2.doh.go.th/view/1042801
372.,1042653,Kanjana,Wed. 9 Aug. 66,08:10,0340,0301,0060+300,2,0,2,finish,Highway,https://haims2.doh.go.th/view/1042653
374.,1042443,Kanjana,Mon. 7 Aug. 66,11:30,0340,0301,0070+060,2,0,0,finish,Highway,https://haims2.doh.go.th/view/1042443
382.,1042090,Kanjana,Mon. 31 Jul. 66,16:10,0340,0301,0050+400,1,0,1,finish,Highway,https://haims2.doh.go.th/view/1042090
389.,1041892,441a4,Mon. 31 Jul. 66,13:14,0340,0301,0051+800,3,0,0,finish,Highway,https://haims2.doh.go.th/view/1041892
390.,1041891,441a4,Thu 28 Jul 66,16:12,0340,0301,0067+450,1,0,2,finish,Highway,https://haims2.doh.go.th/view/1041891
391.,1041886,I am a lover.,Thu 28 Jul 66,10:30,0340,0301,0055+800,4,0,0,finish,Highway,https://haims2.doh.go.th/view/1041886
392.,1041758,Kanjana,Thurs. 27 Jul. 66,21:00,0340,0301,0069+240,4,0,1,finish,Highway,https://haims2.doh.go.th/view/1041758
394.,1041736,Kanjana,Thurs. 27 Jul. 66,17:00,0340,0301,0078+060,2,0,0,finish,Highway,https://haims2.doh.go.th/view/1041736
407.,1040600,Kanjana,Wed. 19 Jul. 66,01:30,0340,0301,0070+680,1,0,0,finish,Highway,https://haims2.doh.go.th/view/1040600
408.,1040594,441a4,Sun. 16 Jul. 66,23:40,0340,0301,0063+100,2,0,0,finish,Highway,https://haims2.doh.go.th/view/1040594
410.,1040284,Kanjana,Sat. 15 Jul. 66,11:50,0340,0301,0071+490,2,0,1,finish,Highway,https://haims2.doh.go.th/view/1040284
423.,1039799,Kanjana,Sat. 15 Jul. 66,02:50,0340,0301,0070+500,1,0,1,finish,Highway,https://haims2.doh.go.th/view/1039799
424.,1039798,Kanjana,Fri. 14 Jul. 66,21:20,0340,0301,0071+660,1,0,0,finish,Highway,https://haims2.doh.go.th/view/1039798
429.,1039514,Kanjana,Fri. 14 Jul. 66,03:15,0340,0301,0063+950,1,0,2,finish,Highway,https://haims2.doh.go.th/view/1039514
433.,1039328,Kanjana,Wed. 12 Jul. 66,11:18,0340,0301,0068+410,1,0,0,finish,Highway,https://haims2.doh.go.th/view/1039328
436.,1038925,Kanjana,Sat. 8 Jul. 66,09:45,0340,0301,0074+300,2,0,1,finish,Highway,https://haims2.doh.go.th/view/1038925
438.,1038856,Kanjana,Thurs. 6 Jul. 66,15:08,0340,0301,0075+560,2,0,0,finish,Highway,https://haims2.doh.go.th/view/1038856
447.,1038427,Kanjana,Sat. 1 Jul. 66,01:00,0340,0301,0070+170,2,0,1,finish,Highway,https://haims2.doh.go.th/view/1038427
461.,1037707,Kanjana,Thu. 29 Jun. 66,12:35,0340,0301,0058+300,2,0,1,finish,Highway,https://haims2.doh.go.th/view/1037707
472.,1037299,Kanjana,Sat. 24 Jun. 66,08:00,0340,0301,0066+100,2,0,0,finish,Highway,https://haims2.doh.go.th/view/1037299
485.,1036709,I am a lover.,Thu 23 Jun 66,11:10,0340,0301,0063+550,1,0,2,finish,Highway,https://haims2.doh.go.th/view/1036709
488.,1036528,Kanjana,Wed. 21 Jun. 66,02:50,0340,0301,0064+700,2,1,0,finish,Highway,https://haims2.doh.go.th/view/1036528
489.,1036527,Kanjana,Tue. 20 Jun. 66,12:30,0340,0301,0068+470,1,0,1,finish,Highway,https://haims2.doh.go.th/view/1036527
490.,1036522,Kanjana,Sun. 18 Jun. 66,05:30,0340,0301,0070+110,1,0,0,finish,Highway,https://haims2.doh.go.th/view/1036522
491.,1036512,I am a lover.,Sat. 17 Jun. 66,23:30,0340,0301,0071+070,1,0,0,finish,Highway,https://haims2.doh.go.th/view/1036512
499.,1036306,Kanjana,Wed. 21 Jun. 66,00:20,0340,0301,0068+720,1,0,0,finish,Highway,https://haims2.doh.go.th/view/1036306
503.,1036172,Kanjana,Sat. 17 Jun. 66,09:49,0340,0301,0062+200,2,0,1,finish,Highway,https://haims2.doh.go.th/view/1036172
504.,1036171,Kanjana,Fri. 16 Jun. 66,16:10,0340,0301,0071+820,2,0,1,finish,Highway,https://haims2.doh.go.th/view/1036171
513.,1035557,I am a lover.,Thu. 15 Jun. 66,02:00,0340,0301,0056+400,2,0,0,finish,Highway,https://haims2.doh.go.th/view/1035557
537.,1034239,Kanjana,Tue. 6 Jun. 66,02:00,0340,0301,0074+630,1,0,0,finish,Highway,https://haims2.doh.go.th/view/1034239
538.,1034207,I am a lover.,Sat. 3 Jun. 66,06:55,0340,0301,0069+850,1,0,0,finish,Highway,https://haims2.doh.go.th/view/1034207
542.,1033937,Kanjana,Mon. 29 May 66,10:20,0340,0301,0057+400,1,0,0,finish,Highway,https://haims2.doh.go.th/view/1033937
544.,1033921,Kanjana,Thu. 1 Jun. 66,13:00,0340,0301,0059+670,2,0,2,finish,Highway,https://haims2.doh.go.th/view/1033921
545.,1033919,Kanjana,Thu. 1 Jun. 66,13:20,0340,0301,0057+400,1,0,0,finish,Highway,https://haims2.doh.go.th/view/1033919
548.,1033663,Kanjana,Tue. 30 May 66,19:34,0340,0301,0074+150,2,0,2,finish,Highway,https://haims2.doh.go.th/view/1033663
553.,1033521,Kanjana,Sat. 27 May 66,07:00,0340,0301,0074+420,1,1,1,finish,Highway,https://haims2.doh.go.th/view/1033521
559.,1033340,I am a lover.,Tue. 23 May 66,15:46,0340,0301,0065+680,1,0,2,finish,Highway,https://haims2.doh.go.th/view/1033340
567.,1032565,Kanjana,Sun. 21 May 66,15:20,0340,0301,0061+100,2,0,1,finish,Highway,https://haims2.doh.go.th/view/1032565
569.,1032401,Kanjana,Sun. 21 May 66,12:20,0340,0301,0056+210,1,0,0,finish,Highway,https://haims2.doh.go.th/view/1032401
570.,1032377,Kanjana,Sat. 20 May 66,14:00,0340,0301,0050+400,1,0,0,finish,Highway,https://haims2.doh.go.th/view/1032377
571.,1032374,Kanjana,Sat. 20 May 66,10:07,0340,0301,0061+000,2,0,1,finish,Highway,https://haims2.doh.go.th/view/1032374
574.,1032317,I am a lover.,Fri. 19 May 66,18:30,0340,0301,0070+670,1,0,3,finish,Highway,https://haims2.doh.go.th/view/1032317
594.,1031751,Kanjana,Wed. 17 May 66,01:01,0340,0301,0066+480,2,0,2,finish,Highway,https://haims2.doh.go.th/view/1031751
598.,1031439,Kanjana,Sun. 14 May 66,16:00,0340,0301,0054+700,2,0,0,finish,Highway,https://haims2.doh.go.th/view/1031439
599.,1031425,Kanjana,Sun. 14 May 66,15:40,0340,0301,0054+450,6,0,0,finish,Highway,https://haims2.doh.go.th/view/1031425
623.,1029930,Kanjana,Sun. 30 Apr. 66,04:00,0340,0301,0071+170,1,0,0,finish,Highway,https://haims2.doh.go.th/view/1029930
635.,1029447,I am a lover.,Thu. 27 Apr. 66,05:40,0340,0301,0072+210,1,0,2,finish,Highway,https://haims2.doh.go.th/view/1029447
636.,1029424,Kanjana,Thu. 27 Apr. 66,06:05,0340,0301,0050+900,1,0,1,finish,Highway,https://haims2.doh.go.th/view/1029424
638.,1029417,Kanjana,Fri. 21 Apr. 66,20:40,0340,0301,0071+460,2,1,0,finish,Highway,https://haims2.doh.go.th/view/1029417
642.,1029365,Kanjana,Fri. 21 Apr. 66,09:40,0340,0301,0070+710,2,0,1,finish,Highway,https://haims2.doh.go.th/view/1029365
660.,1028047,I am a lover.,Sun. 16 Apr. 66,20:20,0340,0301,0064+400,1,0,0,finish,Highway,https://haims2.doh.go.th/view/1028047
665.,1027952,Kanjana,Sun. 16 Apr. 66,11:00,0340,0301,0075+450,1,0,1,finish,Highway,https://haims2.doh.go.th/view/1027952
666.,1027912,Kanjana,Sun. 16 Apr. 66,02:30,0340,0301,0057+100,1,0,2,finish,Highway,https://haims2.doh.go.th/view/1027912
672.,1027657,Kanjana,Fri. 14 Apr. 66,19:00,0340,0301,0068+680,2,0,0,finish,Highway,https://haims2.doh.go.th/view/1027657
676.,1027288,Kanjana,Thu. 13 Apr. 66,10:40,0340,0301,0051+900,3,0,0,finish,Highway,https://haims2.doh.go.th/view/1027288
677.,1027283,Kanjana,Thu. 13 Apr. 66,09:30,0340,0301,0056+600,3,0,0,finish,Highway,https://haims2.doh.go.th/view/1027283
679.,1026934,Kanjana,Wed. 12 Apr. 66,11:50,0340,0301,0057+100,2,0,0,finish,Highway,https://haims2.doh.go.th/view/1026934
680.,1026931,Kanjana,Sun. 9 Apr. 66,03:30,0340,0301,0070+140,1,0,0,finish,Highway,https://haims2.doh.go.th/view/1026931
681.,1026884,Kanjana,Mon. 10 Apr. 66,22:15,0340,0301,0062+200,2,0,0,finish,Highway,https://haims2.doh.go.th/view/1026884
686.,1026512,Kanjana,Fri. 7 Apr. 66,23:30,0340,0301,0071+250,2,0,0,finish,Highway,https://haims2.doh.go.th/view/1026512
693.,1026145,Kanjana,Thurs. 6 Apr. 66,17:00,0340,0301,0052+100,1,0,0,finish,Highway,https://haims2.doh.go.th/view/1026145
720.,1024767,I am a lover.,Sun. 26 Mar. 66,12:45,0340,0301,0074+520,2,0,2,finish,Highway,https://haims2.doh.go.th/view/1024767
732.,1023700,Kanjana,Sat. 18 Mar. 66,06:15,0340,0301,0056+090,2,0,1,finish,Highway,https://haims2.doh.go.th/view/1023700
737.,1023415,Kanjana,Thu. 17 Mar. 66,13:15,0340,0301,0059+250,2,0,1,finish,Highway,https://haims2.doh.go.th/view/1023415
738.,1022931,I am a lover.,Sat. 11 Mar. 66,06:15,0340,0301,0061+400,1,0,0,finish,Highway,https://haims2.doh.go.th/view/1022931
768.,1020860,Kanjana,Thu 24 Feb 66,06:30,0340,0301,0058+950,1,0,1,finish,Highway,https://haims2.doh.go.th/view/1020860
789.,1018822,Kanjana,Thu. 10 Feb. 66,06:00,0340,0301,0075+020,2,0,1,finish,Highway,https://haims2.doh.go.th/view/1018822
796.,1018463,Kanjana,Thu. 9 Feb. 66,12:30,0340,0301,0065+090,1,0,2,finish,Highway,https://haims2.doh.go.th/view/1018463
801.,1017828,Kanjana,Wed. 25 Jan. 66,15:30,0340,0301,0069+040,1,0,0,finish,Highway,https://haims2.doh.go.th/view/1017828
804.,1017731,Kanjana,Thu. 2 Feb. 66,05:30,0340,0301,0058+300,1,0,0,finish,Highway,https://haims2.doh.go.th/view/1017731
805.,1017730,Kanjana,Mon. 31 Jan. 66,20:30,0340,0301,0074+720,1,0,0,finish,Highway,https://haims2.doh.go.th/view/1017730
828.,1016041,Kanjana,Sat. 14 Jan. 66,23:00,0340,0301,0074+720,1,0,0,finish,Highway,https://haims2.doh.go.th/view/1016041
830.,1015908,Kanjana,Sun. 22 Jan. 66,08:30,0340,0301,0050+300,1,0,0,finish,Highway,https://haims2.doh.go.th/view/1015908
831.,1015893,Kanjana,Sat. 21 Jan. 66,14:00,0340,0301,0057+450,2,0,0,finish,Highway,https://haims2.doh.go.th/view/1015893
832.,1015886,Kanjana,Mon. 23 Jan. 66,07:00,0340,0301,0067+170,1,0,0,finish,Highway,https://haims2.doh.go.th/view/1015886
847.,1015188,Kanjana,Tue. 17 Jan. 66,09:18,0340,0301,0070+750,1,0,1,finish,Highway,https://haims2.doh.go.th/view/1015188
863.,1013435,kanjana,ส. 7 ม.ค. 66,07:30,0340,0301,0073+950,1,0,0,เสร็จ,Highway,https://haims2.doh.go.th/view/1013435
870.,1013035,kanjana,พฤ. 5 ม.ค. 66,13:20,0340,0301,0074+720,1,0,0,เสร็จ,Highway,https://haims2.doh.go.th/view/1013035
876.,1012675,441a,อ. 3 ม.ค. 66,20:50,0340,0301,0067+580,1,0,2,เสร็จ,Highway,https://haims2.doh.go.th/view/1012675
889.,1011566,kanjana,ศ. 30 ธ.ค. 65,06:40,0340,0301,0068+670,1,0,0,เสร็จ,Highway,https://haims2.doh.go.th/view/1011566
892.,1011335,kanjana,พฤ. 29 ธ.ค. 65,18:30,0340,0301,0063+500,3,0,1,เสร็จ,Highway,https://haims2.doh.go.th/view/1011335
893.,1011309,kanjana,พฤ. 29 ธ.ค. 65,14:15,0340,0301,0057+670,2,1,0,เสร็จ,Highway,https://haims2.doh.go.th/view/1011309
916.,1010141,kanjana,พ. 14 ธ.ค. 65,15:30,0340,0301,0067+000,2,0,0,เสร็จ,Highway,https://haims2.doh.go.th/view/1010141
918.,1010066,kanjana,ส. 10 ธ.ค. 65,08:00,0340,0301,0069+850,1,0,0,เสร็จ,Highway,https://haims2.doh.go.th/view/1010066
919.,1010048,kanjana,ศ. 9 ธ.ค. 65,07:35,0340,0301,0056+843,3,0,2,เสร็จ,Highway,https://haims2.doh.go.th/view/1010048
932.,1008538,kanjana,พ. 23 พ.ย. 65,15:30,0340,0301,0070+000,1,0,0,เสร็จ,Highway,https://haims2.doh.go.th/view/1008538
933.,1008535,kanjana,พ. 23 พ.ย. 65,08:30,0340,0301,0071+850,2,0,1,เสร็จ,Highway,https://haims2.doh.go.th/view/1008535
970.,1006454,kanjana,พ. 2 พ.ย. 65,02:15,0340,0301,0057+400,1,0,1,เสร็จ,Highway,https://haims2.doh.go.th/view/1006454
971.,1006337,kanjana,อา. 30 ต.ค. 65,04:30,0340,0301,0053+600,1,0,0,เสร็จ,Highway,https://haims2.doh.go.th/view/1006337
972.,1006333,kanjana,ศ. 28 ต.ค. 65,15:00,0340,0301,0062+900,1,0,0,เสร็จ,Highway,https://haims2.doh.go.th/view/1006333
981.,1005939,kanjana,จ. 24 ต.ค. 65,00:05,0340,0301,0077+000,1,0,0,เสร็จ,Highway,https://haims2.doh.go.th/view/1005939
983.,1005833,kanjana,ศ. 21 ต.ค. 65,01:30,0340,0301,0068+700,1,0,1,เสร็จ,Highway,https://haims2.doh.go.th/view/1005833
984.,1005799,konsucha,พฤ. 20 ต.ค. 65,11:55,0340,0301,0069+470,1,0,1,เสร็จ,Highway,https://haims2.doh.go.th/view/1005799
985.,1005791,441a4,พ. 19 ต.ค. 65,23:50,0340,0301,0060+470,2,0,1,เสร็จ,Highway,https://haims2.doh.go.th/view/1005791
986.,1005786,konsucha,พฤ. 20 ต.ค. 65,11:20,0340,0301,0055+160,1,1,1,เสร็จ,Highway,https://haims2.doh.go.th/view/1005786
991.,1005426,441a4,ศ. 14 ต.ค. 65,20:50,0340,0301,0063+980,2,1,2,เสร็จ,Highway,https://haims2.doh.go.th/view/1005426
1003.,1005342,kanjana,พฤ. 13 ต.ค. 65,10:15,0340,0301,0060+170,1,0,0,เสร็จ,Highway,https://haims2.doh.go.th/view/1005342
1004.,1005339,kanjana,พฤ. 13 ต.ค. 65,04:20,0340,0301,0068+420,1,0,0,เสร็จ,Highway,https://haims2.doh.go.th/view/1005339
1005.,1005336,kanjana,พ. 12 ต.ค. 65,19:45,0340,0301,0077+460,2,1,0,เสร็จ,Highway,https://haims2.doh.go.th/view/1005336
1006.,1005310,kanjana,พ. 12 ต.ค. 65,11:40,0340,0301,0055+150,1,0,0,เสร็จ,Highway,https://haims2.doh.go.th/view/1005310
1011.,1005120,kanjana,พฤ. 6 ต.ค. 65,12:00,0340,0301,0069+030,1,0,0,เสร็จ,Highway,https://haims2.doh.go.th/view/1005120
1034.,1004401,kanjana,พฤ. 22 ก.ย. 65,15:30,0340,0301,0076+500,1,0,0,เสร็จ,Highway,https://haims2.doh.go.th/view/1004401
1043.,1003618,kanjana,อ. 6 ก.ย. 65,20:40,0340,0301,0059+870,1,0,1,เสร็จ,Highway,https://haims2.doh.go.th/view/1003618
1045.,1003424,kanjana,อา. 4 ก.ย. 65,18:50,0340,0301,0056+500,2,0,2,เสร็จ,Highway,https://haims2.doh.go.th/view/1003424
1048.,1003337,kanjana,ศ. 2 ก.ย. 65,04:35,0340,0301,0071+900,2,0,2,เสร็จ,Highway,https://haims2.doh.go.th/view/1003337
1057.,1003110,kanjana,พฤ. 25 ส.ค. 65,19:28,0340,0301,0069+030,1,0,0,เสร็จ,Highway,https://haims2.doh.go.th/view/1003110
1063.,1002923,konsucha,พฤ. 25 ส.ค. 65,06:10,0340,0301,0070+170,1,0,1,เสร็จ,Highway,https://haims2.doh.go.th/view/1002923
1071.,1002601,kanjana,พฤ. 18 ส.ค. 65,06:30,0340,0301,0061+200,1,0,0,เสร็จ,Highway,https://haims2.doh.go.th/view/1002601
1073.,1002558,kanjana,ศ. 12 ส.ค. 65,09:00,0340,0301,0070+250,2,1,0,เสร็จ,Highway,https://haims2.doh.go.th/view/1002558
1083.,1002065,441a4,ส. 6 ส.ค. 65,00:40,0340,0301,0059+000,2,0,3,เสร็จ,Highway,https://haims2.doh.go.th/view/1002065
1088.,1001947,konsucha,พฤ. 4 ส.ค. 65,18:00,0340,0301,0065+880,1,0,0,เสร็จ,Highway,https://haims2.doh.go.th/view/1001947
1091.,1001860,kanjana,พ. 3 ส.ค. 65,00:45,0340,0301,0056+500,1,1,2,เสร็จ,Highway,https://haims2.doh.go.th/view/1001860
1098.,1001383,konsucha,ส. 23 ก.ค. 65,14:40,0340,0301,0048+960,1,0,0,เสร็จ,Highway,https://haims2.doh.go.th/view/1001383
1102.,1001059,kanjana,จ. 18 ก.ค. 65,06:10,0340,0301,0070+170,1,0,0,เสร็จ,Highway,https://haims2.doh.go.th/view/1001059
1106.,1000895,konsucha,ศ. 15 ก.ค. 65,06:00,0340,0301,0056+560,1,0,0,เสร็จ,Highway,https://haims2.doh.go.th/view/1000895
1108.,1000838,kanjana,พ. 13 ก.ค. 65,13:30,0340,0301,0074+000,2,0,3,เสร็จ,Highway,https://haims2.doh.go.th/view/1000838
1114.,1000648,kanjana,อา. 3 ก.ค. 65,16:10,0340,0301,0067+300,3,0,2,เสร็จ,Highway,https://haims2.doh.go.th/view/1000648
1119.,1000464,konsucha,พ. 6 ก.ค. 65,07:45,0340,0301,0071+070,1,0,0,เสร็จ,Highway,https://haims2.doh.go.th/view/1000464
1120.,1000347,kanjana,ส. 2 ก.ค. 65,10:50,0340,0301,0057+260,1,0,1,เสร็จ,Highway,https://haims2.doh.go.th/view/1000347
1121.,1000343,konsucha,อ. 28 มิ.ย. 65,15:45,0340,0301,0050+770,1,0,1,เสร็จ,Highway,https://haims2.doh.go.th/view/1000343
1141.,999399,kanjana,จ. 13 มิ.ย. 65,07:30,0340,0301,0070+170,1,0,0,เสร็จ,Highway,https://haims2.doh.go.th/view/999399
1144.,999292,kanjana,ศ. 10 มิ.ย. 65,23:30,0340,0301,0049+500,1,0,0,เสร็จ,Highway,https://haims2.doh.go.th/view/999292
1152.,999015,kanjana,ส. 4 มิ.ย. 65,11:15,0340,0301,0056+500,1,0,1,เสร็จ,Highway,https://haims2.doh.go.th/view/999015
1155.,998943,441a,ส. 4 มิ.ย. 65,01:55,0340,0301,0068+670,1,0,0,เสร็จ,Highway,https://haims2.doh.go.th/view/998943
1160.,998834,441a,พฤ. 2 มิ.ย. 65,09:20,0340,0301,0071+990,1,0,0,เสร็จ,Highway,https://haims2.doh.go.th/view/998834
1161.,998802,441a,พ. 1 มิ.ย. 65,22:40,0340,0301,0057+840,1,0,0,เสร็จ,Highway,https://haims2.doh.go.th/view/998802
1166.,998543,konsucha,ส. 28 พ.ค. 65,00:10,0340,0301,0054+740,1,0,1,เสร็จ,Highway,https://haims2.doh.go.th/view/998543
1168.,998491,441a,ศ. 27 พ.ค. 65,03:18,0340,0301,0050+250,1,0,1,เสร็จ,Highway,https://haims2.doh.go.th/view/998491
1171.,998381,441a4,พ. 25 พ.ค. 65,04:45,0340,0301,0063+750,1,0,1,เสร็จ,Highway,https://haims2.doh.go.th/view/998381
1174.,998180,441a4,ศ. 20 พ.ค. 65,00:55,0340,0301,0072+010,1,0,0,เสร็จ,Highway,https://haims2.doh.go.th/view/998180
1175.,998175,kanjana,พฤ. 19 พ.ค. 65,10:50,0340,0301,0074+590,1,0,2,เสร็จ,Highway,https://haims2.doh.go.th/view/998175
1177.,998055,kanjana,พ. 18 พ.ค. 65,18:50,0340,0301,0071+660,1,0,0,เสร็จ,Highway,https://haims2.doh.go.th/view/998055
1191.,997674,441a,ศ. 13 พ.ค. 65,01:30,0340,0301,0068+420,1,0,0,เสร็จ,Highway,https://haims2.doh.go.th/view/997674
1198.,997311,konsucha,ส. 7 พ.ค. 65,04:00,0340,0301,0070+280,2,0,2,เสร็จ,Highway,https://haims2.doh.go.th/view/997311
1200.,997277,441a,พฤ. 5 พ.ค. 65,15:52,0340,0301,0060+200,3,1,0,เสร็จ,Highway,https://haims2.doh.go.th/view/997277
1206.,997024,konsucha,ส. 30 เม.ย. 65,05:00,0340,0301,0058+000,1,2,13,เสร็จ,Highway,https://haims2.doh.go.th/view/997024
1207.,996859,441a,อ. 26 เม.ย. 65,16:00,0340,0301,0061+200,1,0,0,เสร็จ,Highway,https://haims2.doh.go.th/view/996859
1214.,996638,kanjana,ศ. 22 เม.ย. 65,18:45,0340,0301,0050+700,1,0,0,เสร็จ,Highway,https://haims2.doh.go.th/view/996638
1229.,996140,kanjana,ส. 16 เม.ย. 65,17:50,0340,0301,0063+400,2,1,0,เสร็จ,Highway,https://haims2.doh.go.th/view/996140
1232.,996121,pranee,ส. 16 เม.ย. 65,11:30,0340,0301,0065+700,2,0,3,เสร็จ,Highway,https://haims2.doh.go.th/view/996121
1239.,995390,kanjana,ส. 2 เม.ย. 65,08:50,0340,0301,0063+670,2,0,1,เสร็จ,Highway,https://haims2.doh.go.th/view/995390
1240.,995273,441a,ศ. 8 เม.ย. 65,18:00,0340,0301,0063+400,1,0,0,เสร็จ,Highway,https://haims2.doh.go.th/view/995273
3070.,943969,441a4,Sat. 12 Oct. 62,19:30,0340,0301,0064+250,1,0,0,finish,Highway,https://haims2.doh.go.th/view/943969
3078.,943837,Kanjana,Sun. 22 Sept. 2019,09:00,0340,0301,0074+650,2,0,1,finish,Highway,https://haims2.doh.go.th/view/943837
3081.,943804,Kanjana,Tue. 1 Oct. 2019,22:49,0340,0301,0070+170,1,0,1,finish,Highway,https://haims2.doh.go.th/view/943804
3096.,943091,Kanjana,Sat. 28 Sept. 2019,13:15,0340,0301,0060+900,1,0,2,finish,Highway,https://haims2.doh.go.th/view/943091
3097.,943083,I am a lover.,Mon. 23 Sept. 2019,21:00,0340,0301,0069+000,1,0,1,finish,Highway,https://haims2.doh.go.th/view/943083
3098.,943013,441a,Sat. 21 Sept. 62,01:50,0340,0301,0069+000,1,0,1,finish,Highway,https://haims2.doh.go.th/view/943013
3104.,942700,Kanjana,Mon. 16 Sept. 2019,13:45,0340,0301,0074+110,2,0,1,finish,Highway,https://haims2.doh.go.th/view/942700
3105.,942644,Kanjana,Sun. 15 Sept. 2019,05:40,0340,0301,0066+540,1,0,1,finish,Highway,https://haims2.doh.go.th/view/942644
3107.,942588,441a4,Thu. 13 Sept. 2019,10:25,0340,0301,0059+520,2,1,1,finish,Highway,https://haims2.doh.go.th/view/942588
3114.,942324,441a4,Mon. 9 Sept. 2019,23:30,0340,0301,0057+500,1,0,1,finish,Highway,https://haims2.doh.go.th/view/942324
3115.,942317,Kanjana,Thu. 6 Sept. 2019,20:30,0340,0301,0049+329,2,0,1,finish,Highway,https://haims2.doh.go.th/view/942317
3116.,942305,I am a lover.,Thurs. 5 Sept. 2019,12:30,0340,0301,0065+250,3,0,0,finish,Highway,https://haims2.doh.go.th/view/942305
3117.,942297,Kanjana,Sun. 1 Sept. 62,16:30,0340,0301,0048+950,1,0,2,finish,Highway,https://haims2.doh.go.th/view/942297
3119.,942270,I am a lover.,Wed. 28 Aug. 62,11:20,0340,0301,0067+720,2,0,1,finish,Highway,https://haims2.doh.go.th/view/942270
3125.,942034,Kanjana,Thu. 29 Aug. 62,21:45,0340,0301,0069+000,1,0,2,finish,Highway,https://haims2.doh.go.th/view/942034
3134.,941720,Kanjana,Thu. 15 Aug. 2019,13:00,0340,0301,0059+940,2,0,1,finish,Highway,https://haims2.doh.go.th/view/941720
3135.,941711,441a4,Thu. 15 Aug. 2019,15:00,0340,0301,0054+800,1,0,1,finish,Highway,https://haims2.doh.go.th/view/941711
3136.,941706,Kanjana,Thu. 22 Aug. 62,23:30,0340,0301,0070+150,1,0,0,finish,Highway,https://haims2.doh.go.th/view/941706
3138.,941680,441a4,Wed. 14 Aug. 62,14:30,0340,0301,0057+700,2,0,0,finish,Highway,https://haims2.doh.go.th/view/941680
3140.,941666,Kanjana,Sat. 24 Aug. 62,14:00,0340,0301,0061+200,1,0,1,finish,Highway,https://haims2.doh.go.th/view/941666
3148.,941568,441a4,Wed. 14 Aug. 62,13:50,0340,0301,0065+560,2,0,0,finish,Highway,https://haims2.doh.go.th/view/941568
3155.,941469,Kanjana,Thu. 8 Aug. 2019,21:40,0340,0301,0070+070,3,0,0,finish,Highway,https://haims2.doh.go.th/view/941469
3164.,941238,Kanjana,Mon. 5 Aug. 62,07:40,0340,0301,0055+330,1,0,1,finish,Highway,https://haims2.doh.go.th/view/941238
3175.,940670,Kanjana,Sat. 13 Jul. 62,14:45,0340,0301,0060+950,1,0,0,finish,Highway,https://haims2.doh.go.th/view/940670
3186.,940377,441a4,Thurs. 25 Jul. 62,08:15,0340,0301,0069+110,3,1,2,finish,Highway,https://haims2.doh.go.th/view/940377
3187.,940376,441a4,Thu 26 Jul 2019,10:30,0340,0301,0059+170,2,0,1,finish,Highway,https://haims2.doh.go.th/view/940376
3189.,940279,I am a lover.,Sat. 20 Jul. 62,01:00,0340,0301,0072+670,1,0,2,finish,Highway,https://haims2.doh.go.th/view/940279
3191.,940268,441a4,Thurs. 18 Jul. 2019,13:30,0340,0301,0070+670,2,0,0,finish,Highway,https://haims2.doh.go.th/view/940268
3192.,940182,I am a lover.,Sat. 13 Jul. 62,15:00,0340,0301,0059+940,2,0,2,finish,Highway,https://haims2.doh.go.th/view/940182
3193.,940166,I am a lover.,Mon. 8 Jul. 2019,10:20,0340,0301,0076+900,2,0,1,finish,Highway,https://haims2.doh.go.th/view/940166
3194.,940161,I am a lover.,Mon. 8 Jul. 2019,13:30,0340,0301,0064+800,2,0,1,finish,Highway,https://haims2.doh.go.th/view/940161
3195.,940159,I am a lover.,Mon. 8 Jul. 2019,17:30,0340,0301,0061+100,2,0,2,finish,Highway,https://haims2.doh.go.th/view/940159
3196.,940156,441a4,Sun. 14 Jul. 62,11:10,0340,0301,0052+400,1,0,1,finish,Highway,https://haims2.doh.go.th/view/940156
3201.,940069,441a4,Fri. 5 Jul. 62,17:20,0340,0301,0074+200,2,0,1,finish,Highway,https://haims2.doh.go.th/view/940069
3202.,940057,441a4,Sun. 7 Jul. 62,21:30,0340,0301,0062+600,2,0,1,finish,Highway,https://haims2.doh.go.th/view/940057
3203.,940046,Kanjana,Sun. 7 Jul. 62,22:00,0340,0301,0064+660,1,0,0,finish,Highway,https://haims2.doh.go.th/view/940046
3204.,940029,I am a lover.,Fri. 5 Jul. 62,05:10,0340,0301,0057+700,1,0,0,finish,Highway,https://haims2.doh.go.th/view/940029
3213.,939526,Kanjana,Thurs. 20 Jun. 62,17:40,0340,0301,0068+420,2,0,1,finish,Highway,https://haims2.doh.go.th/view/939526
3214.,939492,441a4,Wed. 3 Jul. 62,16:00,0340,0301,0062+820,2,0,1,finish,Highway,https://haims2.doh.go.th/view/939492
3216.,939438,Kanjana,Thu 28 Jun 2019,14:00,0340,0301,0069+370,1,0,2,finish,Highway,https://haims2.doh.go.th/view/939438
3226.,939122,Kanjana,Thu 21 Jun 62,01:00,0340,0301,0074+760,1,1,1,finish,Highway,https://haims2.doh.go.th/view/939122
3229.,939041,Kanjana,Mon. 17 Jun. 2019,09:30,0340,0301,0065+770,2,0,1,finish,Highway,https://haims2.doh.go.th/view/939041
3230.,939037,I am a lover.,Sun. 16 Jun. 62,10:20,0340,0301,0070+760,2,1,0,finish,Highway,https://haims2.doh.go.th/view/939037
3231.,939035,441a4,Sat. 15 Jun. 62,11:00,0340,0301,0059+500,1,0,1,finish,Highway,https://haims2.doh.go.th/view/939035
3234.,938921,Kanjana,Tue. 11 Jun. 62,10:00,0340,0301,0049+329,1,0,0,finish,Highway,https://haims2.doh.go.th/view/938921
3235.,938916,441a4,Mon. 10 Jun. 62,16:00,0340,0301,0071+100,2,0,1,finish,Highway,https://haims2.doh.go.th/view/938916
3252.,937968,Kanjana,Thu 24 May 2019,15:50,0340,0301,0057+750,1,0,0,finish,Highway,https://haims2.doh.go.th/view/937968
3254.,937880,441a4,Mon. 27 May 2019,07:30,0340,0301,0066+640,2,1,1,finish,Highway,https://haims2.doh.go.th/view/937880
3255.,937877,441a4,Thurs. 23 May 2019,17:15,0340,0301,0057+750,1,0,1,finish,Highway,https://haims2.doh.go.th/view/937877
3256.,937872,I am a lover.,Tue. 21 May 2019,10:30,0340,0301,0065+270,2,0,2,finish,Highway,https://haims2.doh.go.th/view/937872
3257.,937864,441a4,Mon. 20 May 2019,13:30,0340,0301,0058+700,2,0,1,finish,Highway,https://haims2.doh.go.th/view/937864
3274.,936986,I am a lover.,Tue. 7 May 2019,10:30,0340,0301,0065+350,2,0,2,finish,Highway,https://haims2.doh.go.th/view/936986
3275.,936982,441a4,Mon. 6 May 2019,20:00,0340,0301,0065+300,2,0,1,finish,Highway,https://haims2.doh.go.th/view/936982
3284.,936493,I am a lover.,Tue. 23 Apr. 2019,22:00,0340,0301,0052+020,2,0,1,finish,Highway,https://haims2.doh.go.th/view/936493
3285.,936491,I am a lover.,Mon. 22 Apr. 2019,15:20,0340,0301,0070+695,2,0,0,finish,Highway,https://haims2.doh.go.th/view/936491
3286.,936476,I am a lover.,Fri. 19 Apr. 2019,15:00,0340,0301,0061+080,2,0,2,finish,Highway,https://haims2.doh.go.th/view/936476
3299.,936072,I am a lover.,Tue. 16 Apr. 2019,23:10,0340,0301,0068+720,2,0,3,finish,Highway,https://haims2.doh.go.th/view/936072
3300.,936069,Kanjana,Tue. 16 Apr. 2019,23:00,0340,0301,0070+080,1,0,0,finish,Highway,https://haims2.doh.go.th/view/936069
3303.,935988,I am a lover.,Tue. 16 Apr. 2019,14:00,0340,0301,0063+640,2,0,3,finish,Highway,https://haims2.doh.go.th/view/935988
3304.,935975,Pranee,Tue. 16 Apr. 2019,12:10,0340,0301,0053+150,7,0,0,finish,Highway,https://haims2.doh.go.th/view/935975
3317.,935594,441a4,อา. 14 เม.ย. 62,12:50,0340,0301,0069+620,3,0,0,เสร็จ,Highway,https://haims2.doh.go.th/view/935594
3324.,935354,441a4,ส. 13 เม.ย. 62,13:00,0340,0301,0055+500,2,0,0,เสร็จ,Highway,https://haims2.doh.go.th/view/935354
3326.,935340,441a4,ส. 13 เม.ย. 62,10:30,0340,0301,0057+180,3,0,0,เสร็จ,Highway,https://haims2.doh.go.th/view/935340
3329.,935147,kanjana,ศ. 12 เม.ย. 62,13:00,0340,0301,0052+050,2,0,0,เสร็จ,Highway,https://haims2.doh.go.th/view/935147
3335.,934797,kanjana,พ. 10 เม.ย. 62,08:00,0340,0301,0054+150,1,0,0,เสร็จ,Highway,https://haims2.doh.go.th/view/934797
3337.,934782,rungrudee,ส. 6 เม.ย. 62,11:40,0340,0301,0058+120,1,0,1,เสร็จ,Highway,https://haims2.doh.go.th/view/934782
3345.,934399,konsucha,อา. 17 มี.ค. 62,11:20,0340,0301,0057+020,2,0,0,เสร็จ,Highway,https://haims2.doh.go.th/view/934399
3349.,934262,kanjana,จ. 25 มี.ค. 62,00:15,0340,0301,0066+730,1,0,0,เสร็จ,Highway,https://haims2.doh.go.th/view/934262
3353.,934122,441a4,จ. 25 มี.ค. 62,01:20,0340,0301,0060+460,1,0,0,เสร็จ,Highway,https://haims2.doh.go.th/view/934122
3354.,934115,kanjana,อา. 24 มี.ค. 62,16:00,0340,0301,0053+200,2,0,0,เสร็จ,Highway,https://haims2.doh.go.th/view/934115
3355.,934112,kanjana,อา. 24 มี.ค. 62,04:30,0340,0301,0071+560,1,0,0,เสร็จ,Highway,https://haims2.doh.go.th/view/934112
3357.,934109,konsucha,ศ. 22 มี.ค. 62,17:00,0340,0301,0068+720,3,0,0,เสร็จ,Highway,https://haims2.doh.go.th/view/934109
3358.,934107,kanjana,ส. 23 มี.ค. 62,12:30,0340,0301,0068+970,2,0,0,เสร็จ,Highway,https://haims2.doh.go.th/view/934107
3359.,934106,konsucha,อ. 19 มี.ค. 62,13:00,0340,0301,0068+720,2,0,0,เสร็จ,Highway,https://haims2.doh.go.th/view/934106
3360.,934104,kanjana,พ. 13 มี.ค. 62,16:30,0340,0301,0055+740,1,0,1,เสร็จ,Highway,https://haims2.doh.go.th/view/934104
3362.,934098,441a4,ส. 9 มี.ค. 62,09:30,0340,0301,0053+000,5,0,0,เสร็จ,Highway,https://haims2.doh.go.th/view/934098
3382.,933462,441a,ศ. 8 มี.ค. 62,18:05,0340,0301,0070+140,1,0,3,เสร็จ,Highway,https://haims2.doh.go.th/view/933462
3415.,931968,konsucha,อ. 5 ก.พ. 62,15:00,0340,0301,0057+550,3,0,0,เสร็จ,Highway,https://haims2.doh.go.th/view/931968
3416.,931955,kanjana,อ. 5 ก.พ. 62,14:00,0340,0301,0071+560,7,0,0,เสร็จ,Highway,https://haims2.doh.go.th/view/931955
3417.,931950,kanjana,จ. 4 ก.พ. 62,08:40,0340,0301,0062+050,1,0,1,เสร็จ,Highway,https://haims2.doh.go.th/view/931950
3418.,931923,kanjana,จ. 4 ก.พ. 62,00:00,0340,0301,0057+700,1,1,0,เสร็จ,Highway,https://haims2.doh.go.th/view/931923
3419.,931919,kanjana,ส. 2 ก.พ. 62,19:30,0340,0301,0070+500,2,0,1,เสร็จ,Highway,https://haims2.doh.go.th/view/931919
3425.,931688,kanjana,พฤ. 17 ม.ค. 62,14:30,0340,0301,0051+525,1,0,1,เสร็จ,Highway,https://haims2.doh.go.th/view/931688
3438.,931328,441a4,ส. 12 ม.ค. 62,13:40,0340,0301,0067+070,2,0,2,เสร็จ,Highway,https://haims2.doh.go.th/view/931328
3439.,931325,kanjana,ส. 12 ม.ค. 62,12:00,0340,0301,0067+520,5,0,3,เสร็จ,Highway,https://haims2.doh.go.th/view/931325
3447.,931202,kanjana,ศ. 11 ม.ค. 62,21:00,0340,0301,0057+250,1,0,0,เสร็จ,Highway,https://haims2.doh.go.th/view/931202
3459.,930415,441a4,พฤ. 3 ม.ค. 62,03:30,0340,0301,0053+000,1,0,3,เสร็จ,Highway,https://haims2.doh.go.th/view/930415
3466.,930242,admin,พ. 2 ม.ค. 62,06:40,0340,0301,0058+480,2,0,0,เสร็จ,Highway,https://haims2.doh.go.th/view/930242
3471.,930096,admin,อ. 1 ม.ค. 62,16:50,0340,0301,0062+070,3,0,0,เสร็จ,Highway,https://haims2.doh.go.th/view/930096
3473.,930091,admin,อ. 1 ม.ค. 62,16:30,0340,0301,0063+030,2,0,0,เสร็จ,Highway,https://haims2.doh.go.th/view/930091
3477.,930059,kanjana,อ. 1 ม.ค. 62,13:00,0340,0301,0050+700,3,0,0,เสร็จ,Highway,https://haims2.doh.go.th/view/930059
3479.,930057,konsucha,อ. 1 ม.ค. 62,14:30,0340,0301,0061+180,2,0,0,เสร็จ,Highway,https://haims2.doh.go.th/view/930057
3482.,930044,kanjana,อ. 1 ม.ค. 62,13:25,0340,0301,0053+000,2,0,0,เสร็จ,Highway,https://haims2.doh.go.th/view/930044
3486.,929997,kanjana,อ. 1 ม.ค. 62,05:00,0340,0301,0067+270,1,0,0,เสร็จ,Highway,https://haims2.doh.go.th/view/929997
3507.,929540,441a4,อา. 30 ธ.ค. 61,09:50,0340,0301,0070+750,2,0,3,เสร็จ,Highway,https://haims2.doh.go.th/view/929540
3512.,929247,admin,ส. 29 ธ.ค. 61,11:30,0340,0301,0055+400,2,0,0,เสร็จ,Highway,https://haims2.doh.go.th/view/929247
3522.,928846,kanjana,ศ. 28 ธ.ค. 61,08:30,0340,0301,0065+830,1,0,5,เสร็จ,Highway,https://haims2.doh.go.th/view/928846
3528.,928567,kanjana,ส. 22 ธ.ค. 61,02:55,0340,0301,0058+250,1,0,1,เสร็จ,Highway,https://haims2.doh.go.th/view/928567
3532.,928481,kanjana,อ. 4 ธ.ค. 61,00:15,0340,0301,0063+440,1,0,2,เสร็จ,Highway,https://haims2.doh.go.th/view/928481
3539.,928223,kanjana,อ. 18 ธ.ค. 61,00:15,0340,0301,0050+140,1,1,0,เสร็จ,Highway,https://haims2.doh.go.th/view/928223
2659.,956137,Kanjana,Sat. 23 May 63,11:15,0340,0301,0059+900,2,0,1,finish,Highway,https://haims2.doh.go.th/view/956137
2660.,956118,Kanjana,Sat. 23 May 63,12:50,0340,0301,0053+000,4,0,0,finish,Highway,https://haims2.doh.go.th/view/956118
2664.,956065,441a4,Thu 22 May 63,12:20,0340,0301,0076+800,1,0,3,finish,Highway,https://haims2.doh.go.th/view/956065
2667.,956006,Kanjana,Mon. 18 May '20,13:30,0340,0301,0067+060,3,0,0,finish,Highway,https://haims2.doh.go.th/view/956006
2679.,955641,Kanjana,Tue. 12 May 2020,14:30,0340,0301,0075+430,1,0,0,finish,Highway,https://haims2.doh.go.th/view/955641
2680.,955604,441a4,Sat. 9 May 63,01:30,0340,0301,0052+100,1,0,0,finish,Highway,https://haims2.doh.go.th/view/955604
2696.,955316,I am a lover.,Tue. 5 May 2020,12:15,0340,0301,0058+200,1,0,0,finish,Highway,https://haims2.doh.go.th/view/955316
2697.,955310,rungrudee,Sun. 3 May '20,11:50,0340,0301,0059+900,2,0,0,finish,Highway,https://haims2.doh.go.th/view/955310
2708.,954748,rungrudee,Sun. 19 Apr. 63,19:00,0340,0301,0056+600,2,0,1,finish,Highway,https://haims2.doh.go.th/view/954748
2718.,954321,rungrudee,Mon. 13 Apr. '20,20:10,0340,0301,0060+700,1,0,0,finish,Highway,https://haims2.doh.go.th/view/954321
2725.,953806,I am a lover.,Fri. 3 Apr. 63,21:50,0340,0301,0074+700,1,0,0,finish,Highway,https://haims2.doh.go.th/view/953806
2741.,953411,rungrudee,Thu. 26 Mar. '20,03:50,0340,0301,0059+020,2,1,0,finish,Highway,https://haims2.doh.go.th/view/953411
2749.,953076,rungrudee,Mon. 16 Mar. '20,16:50,0340,0301,0064+800,2,0,0,finish,Highway,https://haims2.doh.go.th/view/953076
2750.,953063,rungrudee,Tue. 17 Mar. 63,09:30,0340,0301,0057+700,3,0,0,finish,Highway,https://haims2.doh.go.th/view/953063
2751.,953027,rungrudee,Thu. 5 Mar. '20,01:28,0340,0301,0077+480,2,0,2,finish,Highway,https://haims2.doh.go.th/view/953027
2752.,953003,rungrudee,Wed. 18 Mar. 63,10:30,0340,0301,0061+400,2,0,0,finish,Highway,https://haims2.doh.go.th/view/953003
2753.,952997,rungrudee,Thu. 19 Mar. '20,00:30,0340,0301,0061+620,1,0,0,finish,Highway,https://haims2.doh.go.th/view/952997
2758.,952735,rungrudee,Thu. 13 Mar. 63,22:30,0340,0301,0060+700,1,0,1,finish,Highway,https://haims2.doh.go.th/view/952735
2759.,952614,rungrudee,Sat. 7 Mar. 63,09:00,0340,0301,0062+160,1,0,1,finish,Highway,https://haims2.doh.go.th/view/952614
2772.,952380,rungrudee,Thu. 27 Feb. '20,07:30,0340,0301,0071+970,2,0,1,finish,Highway,https://haims2.doh.go.th/view/952380
2776.,952216,rungrudee,Thu. 20 Feb. '20,10:15,0340,0301,0068+650,2,0,1,finish,Highway,https://haims2.doh.go.th/view/952216
2777.,952213,rungrudee,Thu. 27 Feb. '20,02:50,0340,0301,0052+100,1,0,0,finish,Highway,https://haims2.doh.go.th/view/952213
2780.,952139,rungrudee,Sat. 29 Feb. '20,20:00,0340,0301,0061+100,1,0,1,finish,Highway,https://haims2.doh.go.th/view/952139
2782.,952046,I am a lover.,Wed. 19 Feb. 63,12:00,0340,0301,0068+660,2,0,1,finish,Highway,https://haims2.doh.go.th/view/952046
2787.,951636,rungrudee,Sat. 22 Feb. '20,13:30,0340,0301,0059+440,2,0,1,finish,Highway,https://haims2.doh.go.th/view/951636
2788.,951620,rungrudee,Sat. 22 Feb. '20,20:00,0340,0301,0060+000,2,0,1,finish,Highway,https://haims2.doh.go.th/view/951620
2789.,951599,rungrudee,Sun. 23 Feb. '20,19:25,0340,0301,0063+900,1,1,1,finish,Highway,https://haims2.doh.go.th/view/951599
2793.,951539,rungrudee,Mon. 17 Feb. '20,17:30,0340,0301,0074+250,2,0,0,finish,Highway,https://haims2.doh.go.th/view/951539
2796.,951479,rungrudee,Thu. 20 Feb. '20,07:45,0340,0301,0072+720,3,0,3,finish,Highway,https://haims2.doh.go.th/view/951479
2797.,951476,rungrudee,Wed. 19 Feb. 63,19:17,0340,0301,0059+900,2,1,0,finish,Highway,https://haims2.doh.go.th/view/951476
2799.,951441,rungrudee,Mon. 17 Feb. '20,10:30,0340,0301,0067+890,2,0,1,finish,Highway,https://haims2.doh.go.th/view/951441
2800.,951435,rungrudee,Thu. 13 Feb. '20,10:50,0340,0301,0076+930,2,0,1,finish,Highway,https://haims2.doh.go.th/view/951435
2813.,951020,rungrudee,Mon. 10 Feb. '20,13:30,0340,0301,0064+900,1,0,3,finish,Highway,https://haims2.doh.go.th/view/951020
2816.,950973,rungrudee,Thu. 7 Feb. 63,19:20,0340,0301,0068+180,2,0,1,finish,Highway,https://haims2.doh.go.th/view/950973
2817.,950966,rungrudee,Sat. 8 Feb. 63,12:20,0340,0301,0059+900,2,0,1,finish,Highway,https://haims2.doh.go.th/view/950966
2818.,950958,rungrudee,Sun. 9 Feb. '20,23:00,0340,0301,0064+100,2,0,1,finish,Highway,https://haims2.doh.go.th/view/950958
2824.,950846,rungrudee,Thu. 6 Feb. '20,16:00,0340,0301,0056+900,2,0,2,finish,Highway,https://haims2.doh.go.th/view/950846
2828.,950818,I am a lover.,Thu. 31 Jan. 63,16:00,0340,0301,0072+720,3,0,3,finish,Highway,https://haims2.doh.go.th/view/950818
2830.,950788,Kanjana,Thu. 31 Jan. 63,18:00,0340,0301,0059+940,2,0,1,finish,Highway,https://haims2.doh.go.th/view/950788
2831.,950776,441a4,Wed. 29 Jan. '20,04:30,0340,0301,0053+440,1,0,0,finish,Highway,https://haims2.doh.go.th/view/950776
2833.,950738,441a4,Thu. 30 Jan. '20,09:30,0340,0301,0063+320,2,0,1,finish,Highway,https://haims2.doh.go.th/view/950738
2834.,950724,rungrudee,Wed. 29 Jan. '20,22:30,0340,0301,0074+850,1,0,0,finish,Highway,https://haims2.doh.go.th/view/950724
2836.,950710,rungrudee,Sat. 1 Feb. 63,02:20,0340,0301,0068+720,1,0,0,finish,Highway,https://haims2.doh.go.th/view/950710
2837.,950688,Kanjana,Wed. 29 Jan. '20,23:30,0340,0301,0048+950,1,0,1,finish,Highway,https://haims2.doh.go.th/view/950688
2855.,950098,Kanjana,Thu. 17 Jan. 63,03:30,0340,0301,0055+000,1,0,1,finish,Highway,https://haims2.doh.go.th/view/950098
2856.,950091,441a4,Mon. 21 Jan. 2020,17:30,0340,0301,0064+700,2,0,2,finish,Highway,https://haims2.doh.go.th/view/950091
2859.,950031,I am a lover.,Mon. 20 Jan. 2020,19:00,0340,0301,0072+720,2,0,1,finish,Highway,https://haims2.doh.go.th/view/950031
2862.,949962,Kanjana,Sat. 18 Jan. 63,06:00,0340,0301,0060+410,2,0,1,finish,Highway,https://haims2.doh.go.th/view/949962
2869.,949867,rungrudee,Wed. 8 Jan. 63,02:00,0340,0301,0058+240,1,0,0,finish,Highway,https://haims2.doh.go.th/view/949867
2871.,949852,rungrudee,Thu. 9 Jan. '20,15:00,0340,0301,0060+470,2,0,1,finish,Highway,https://haims2.doh.go.th/view/949852
2872.,949847,rungrudee,Wed. 15 Jan. '20,10:00,0340,0301,0063+820,2,1,1,finish,Highway,https://haims2.doh.go.th/view/949847
2877.,949752,rungrudee,Sun. 5 Jan. 63,23:00,0340,0301,0050+120,1,0,0,finish,Highway,https://haims2.doh.go.th/view/949752
2878.,949693,I am a lover.,Thu. 3 Jan. 63,07:30,0340,0301,0071+750,1,0,0,finish,Highway,https://haims2.doh.go.th/view/949693
2879.,949678,Kanjana,Wed. 25 Dec. 62,23:50,0340,0301,0069+000,1,0,1,finish,Highway,https://haims2.doh.go.th/view/949678
2888.,949321,Kanjana,Thu 20 Dec 2019,01:20,0340,0301,0058+750,1,0,3,finish,Highway,https://haims2.doh.go.th/view/949321
2893.,949211,I am a lover.,Thu. 3 Jan. 63,16:30,0340,0301,0061+200,2,0,2,finish,Highway,https://haims2.doh.go.th/view/949211
2897.,949057,Kanjana,Thu. 2 Jan. '20,11:45,0340,0301,0068+580,2,0,0,finish,Highway,https://haims2.doh.go.th/view/949057
2898.,949051,441a4,Thu. 2 Jan. '20,09:45,0340,0301,0075+100,3,0,1,finish,Highway,https://haims2.doh.go.th/view/949051
2907.,948816,Kanjana,Wed. 1 Jan. 63,15:00,0340,0301,0061+200,2,0,1,finish,Highway,https://haims2.doh.go.th/view/948816
2926.,948255,rungrudee,Mon. 30 Dec. 2019,06:35,0340,0301,0050+700,1,0,1,finish,Highway,https://haims2.doh.go.th/view/948255
2937.,948013,Kanjana,Sun. 29 Dec. 2019,07:20,0340,0301,0068+720,1,0,0,finish,Highway,https://haims2.doh.go.th/view/948013
2944.,947794,I am a lover.,Sat. 28 Dec. 62,18:00,0340,0301,0059+190,2,0,1,finish,Highway,https://haims2.doh.go.th/view/947794
2947.,947688,Kanjana,Sat. 28 Dec. 62,13:00,0340,0301,0064+035,1,0,0,finish,Highway,https://haims2.doh.go.th/view/947688
2949.,947672,441a4,Sat. 28 Dec. 62,12:00,0340,0301,0051+200,4,0,1,finish,Highway,https://haims2.doh.go.th/view/947672
2951.,947653,I am a lover.,Sat. 28 Dec. 62,10:00,0340,0301,0055+400,4,0,0,finish,Highway,https://haims2.doh.go.th/view/947653
2955.,947488,Kanjana,Thu 27 Dec 2019,19:45,0340,0301,0062+600,1,0,1,finish,Highway,https://haims2.doh.go.th/view/947488
2959.,947420,Kanjana,Sat. 13 Dec. 2019,01:30,0340,0301,0051+830,1,0,1,finish,Highway,https://haims2.doh.go.th/view/947420
2963.,947379,441a4,Thu 27 Dec 2019,04:40,0340,0301,0055+500,1,1,1,finish,Highway,https://haims2.doh.go.th/view/947379
2974.,947046,kanjana,พฤ. 19 ธ.ค. 62,11:30,0340,0301,0065+510,2,0,1,เสร็จ,Highway,https://haims2.doh.go.th/view/947046
2975.,947037,kanjana,จ. 16 ธ.ค. 62,12:10,0340,0301,0070+870,2,0,0,เสร็จ,Highway,https://haims2.doh.go.th/view/947037
2978.,946930,kanjana,อา. 15 ธ.ค. 62,11:00,0340,0301,0053+420,2,0,0,เสร็จ,Highway,https://haims2.doh.go.th/view/946930
2979.,946915,441a,อา. 15 ธ.ค. 62,02:40,0340,0301,0075+200,1,0,0,เสร็จ,Highway,https://haims2.doh.go.th/view/946915
2982.,946864,kanjana,อา. 15 ธ.ค. 62,01:45,0340,0301,0068+860,2,0,1,เสร็จ,Highway,https://haims2.doh.go.th/view/946864
2988.,946729,kanjana,ศ. 13 ธ.ค. 62,18:00,0340,0301,0057+550,3,0,0,เสร็จ,Highway,https://haims2.doh.go.th/view/946729
2990.,946551,kanjana,ศ. 13 ธ.ค. 62,02:00,0340,0301,0071+590,1,0,1,เสร็จ,Highway,https://haims2.doh.go.th/view/946551
2992.,946523,kanjana,ส. 7 ธ.ค. 62,11:00,0340,0301,0069+000,2,0,2,เสร็จ,Highway,https://haims2.doh.go.th/view/946523
2995.,946393,kanjana,พ. 4 ธ.ค. 62,10:40,0340,0301,0066+700,2,0,0,เสร็จ,Highway,https://haims2.doh.go.th/view/946393
3000.,946329,kanjana,จ. 9 ธ.ค. 62,16:20,0340,0301,0058+600,2,0,2,เสร็จ,Highway,https://haims2.doh.go.th/view/946329
3002.,946303,kanjana,ศ. 29 พ.ย. 62,19:40,0340,0301,0064+080,1,0,0,เสร็จ,Highway,https://haims2.doh.go.th/view/946303
3004.,946280,441a,ส. 16 พ.ย. 62,02:00,0340,0301,0048+900,2,0,0,เสร็จ,Highway,https://haims2.doh.go.th/view/946280
3006.,946255,kanjana,อ. 19 พ.ย. 62,19:30,0340,0301,0070+660,2,0,6,เสร็จ,Highway,https://haims2.doh.go.th/view/946255
3007.,946131,kanjana,ศ. 29 พ.ย. 62,01:50,0340,0301,0069+000,1,0,5,เสร็จ,Highway,https://haims2.doh.go.th/view/946131
3008.,946129,rungrudee,พ. 27 พ.ย. 62,01:50,0340,0301,0061+400,1,0,1,เสร็จ,Highway,https://haims2.doh.go.th/view/946129
3014.,945907,kanjana,จ. 18 พ.ย. 62,01:25,0340,0301,0074+500,2,0,0,เสร็จ,Highway,https://haims2.doh.go.th/view/945907
3015.,945854,kanjana,ศ. 15 พ.ย. 62,18:06,0340,0301,0059+900,2,1,1,เสร็จ,Highway,https://haims2.doh.go.th/view/945854
3018.,945752,kanjana,พฤ. 14 พ.ย. 62,23:00,0340,0301,0059+900,1,0,1,เสร็จ,Highway,https://haims2.doh.go.th/view/945752
3019.,945740,kanjana,ศ. 15 พ.ย. 62,05:30,0340,0301,0070+170,1,0,1,เสร็จ,Highway,https://haims2.doh.go.th/view/945740
3034.,945289,konsucha,อา. 17 พ.ย. 62,06:25,0340,0301,0070+000,2,1,0,เสร็จ,Highway,https://haims2.doh.go.th/view/945289
3035.,945283,konsucha,ศ. 15 พ.ย. 62,18:00,0340,0301,0059+900,2,1,1,เสร็จ,Highway,https://haims2.doh.go.th/view/945283
3039.,945189,konsucha,พ. 6 พ.ย. 62,14:30,0340,0301,0058+540,2,0,3,เสร็จ,Highway,https://haims2.doh.go.th/view/945189
3042.,945004,kanjana,ศ. 25 ต.ค. 62,15:50,0340,0301,0064+050,1,0,1,เสร็จ,Highway,https://haims2.doh.go.th/view/945004
3043.,944995,konsucha,อา. 10 พ.ย. 62,02:30,0340,0301,0074+450,2,1,1,เสร็จ,Highway,https://haims2.doh.go.th/view/944995
3057.,944314,kanjana,พ. 23 ต.ค. 62,06:30,0340,0301,0074+650,2,0,2,เสร็จ,Highway,https://haims2.doh.go.th/view/944314
3058.,944297,kanjana,จ. 21 ต.ค. 62,13:00,0340,0301,0077+080,2,0,0,เสร็จ,Highway,https://haims2.doh.go.th/view/944297
3061.,944117,kanjana,อา. 20 ต.ค. 62,16:20,0340,0301,0050+400,2,0,0,เสร็จ,Highway,https://haims2.doh.go.th/view/944117
3062.,944110,kanjana,ศ. 18 ต.ค. 62,16:30,0340,0301,0058+100,1,0,1,เสร็จ,Highway,https://haims2.doh.go.th/view/944110
3063.,944053,konsucha,ศ. 18 ต.ค. 62,08:40,0340,0301,0072+720,4,0,5,เสร็จ,Highway,https://haims2.doh.go.th/view/944053
3066.,943997,kanjana,อา. 13 ต.ค. 62,13:00,0340,0301,0062+970,2,0,1,เสร็จ,Highway,https://haims2.doh.go.th/view/943997
3067.,943989,kanjana,อา. 13 ต.ค. 62,11:30,0340,0301,0056+700,2,0,0,เสร็จ,Highway,https://haims2.doh.go.th/view/943989
3068.,943978,kanjana,อา. 13 ต.ค. 62,08:00,0340,0301,0050+150,2,0,0,เสร็จ,Highway,https://haims2.doh.go.th/view/943978
